"FilingID","ReferenceID","Name of Partner, etc."
1922684,357162,"UBIQUITY SPV GP, LP"
1922684,248633,"UBIQUITY PARTNERS I GP, LP"
1930486,307353,"PARTNERS GROUP CAYMAN MANAGEMENT I LIMITED"
1930486,186531,"PARTNERS GROUP MANAGEMENT V LIMITED"
1930486,259463,"PARTNERS GROUP CAYMAN MANAGEMENT III LIMITED"
1930486,26028,"PARTNERS GROUP MANAGEMENT V LIMITED"
1930486,59559,"PARTNERS GROUP CLIENT ACCESS MANAGEMENT I LIMITED"
1930486,259587,"PARTNERS GROUP CAYMAN MANAGEMENT I LIMITED"
1930486,220835,"PARTNERS GROUP CLIENT ACCESS MANAGEMENT I LIMITED"
1930486,73189,"PARTNERS GROUP MANAGEMENT X LIMITED"
1930486,26933,"PARTNERS GROUP MANAGEMENT XI LIMITED"
1930486,59717,"PARTNERS GROUP MANAGEMENT I S.À R.L."
1930486,26928,"PARTNERS GROUP MANAGEMENT XI LIMITED"
1930486,220912,"PARTNERS GROUP CLIENT ACCESS MANAGEMENT I LIMITED"
1930486,202739,"PARTNERS GROUP CAYMAN MANAGEMENT I LIMITED"
1930486,26778,"PARTNERS GROUP MANAGEMENT VII LIMITED"
1930486,26784,"PARTNERS GROUP MANAGEMENT VII LIMITED"
1930486,242938,"PARTNERS GROUP CAYMAN MANAGEMENT I LIMITED"
1930486,202065,"PARTNERS GROUP CAYMAN MANAGEMENT I LIMITED"
1930486,26791,"PARTNERS GROUP MANAGEMENT VIII LIMITED"
1930486,174193,"PARTNERS GROUP CAYMAN MANAGEMENT I LIMITED"
1930486,372901,"PARTNERS GROUP CLIENT ACCESS MANAGEMENT I LIMITED"
1930486,202055,"PARTNERS GROUP CAYMAN MANAGEMENT I LIMITED"
1930486,242958,"PARTNERS GROUP CAYMAN MANAGEMENT III LIMITED"
1930486,29150,"PARTNERS GROUP MANAGEMENT LIMITED"
1930486,29124,"PARTNERS GROUP MANAGEMENT LIMITED"
1930486,186526,"PARTNERS GROUP CAYMAN MANAGEMENT I LIMITED"
1930486,30947,"PARTNERS GROUP MANAGEMENT XI LIMITED"
1930486,50797,"PARTNERS GROUP MANAGEMENT XIV LIMITED"
1930486,50886,"PARTNERS GROUP (GUERNSEY) LIMITED"
1930486,50798,"PARTNERS GROUP MANAGEMENT XIV LIMITED"
1930486,202069,"PARTNERS GROUP CAYMAN MANAGEMENT III LIMITED"
1930486,202084,"PARTNERS GROUP CLIENT ACCESS MANAGEMENT I LIMITED"
1930486,51123,"PARTNERS GROUP CLIENT ACCESS MANAGEMENT I LIMITED"
1930486,372902,"PARTNERS GROUP CLIENT ACCESS MANAGEMENT I LIMITED"
1930486,26829,"PARTNERS GROUP MANAGEMENT VIII LIMITED"
1930486,174573,"PARTNERS GROUP (GUERNSEY) LIMITED (INVESTMENT MANAGER)"
1930486,174573,"NORTHERN TRUST (GUERNSEY) LIMITED (TRUSTEE)"
1930486,51121,"PARTNERS GROUP CLIENT ACCESS MANAGEMENT I LIMITED"
1930486,26085,"PARTNERS GROUP MANAGEMENT V LIMITED"
1930486,242961,"PARTNERS GROUP CLIENT ACCESS MANAGEMENT I LIMITED"
1930486,73183,"PARTNERS GROUP CLIENT ACCESS MANAGEMENT I LIMITED"
1930486,220885,"PARTNERS GROUP CLIENT ACCESS MANAGEMENT I LIMITED"
1930486,25198,"PARTNERS GROUP (GUERNSEY) LIMITED"
1930486,26878,"PARTNERS GROUP MANAGEMENT IX LIMITED"
1930486,373002,"PARTNERS GROUP CAYMAN MANAGEMENT III LIMITED"
1930486,26142,"PARTNERS GROUP MANAGEMENT VI LIMITED"
1930486,242944,"PARTNERS GROUP CAYMAN MANAGEMENT I LIMITED"
1930486,174207,"PARTNERS GROUP MANAGEMENT XI LIMITED"
1930486,362762,"PARTNERS GROUP CAYMAN MANAGEMENT DIRECT EQUITY V LIMITED"
1930486,202105,"PARTNERS GROUP MANAGEMENT VII LIMITED"
1930486,372903,"PARTNERS GROUP CLIENT ACCESS MANAGEMENT I LIMITED"
1930486,372905,"PARTNERS GROUP CAYMAN MANAGEMENT DIRECT EQUITY V LIMITED"
1930486,360751,"PARTNERS GROUP CLIENT ACCESS MANAGEMENT I LIMITED"
1930486,26110,"PARTNERS GROUP MANAGEMENT VI LIMITED"
1930486,259598,"PARTNERS GROUP CAYMAN MANAGEMENT I LIMITED"
1930486,73187,"PARTNERS GROUP MANAGEMENT X LIMITED"
1930486,73188,"PARTNERS GROUP MANAGEMENT X LIMITED"
1930486,202079,"PARTNERS GROUP CLIENT ACCESS MANAGEMENT I LIMITED"
1930486,220905,"PARTNERS GROUP CLIENT ACCESS MANAGEMENT I LIMITED"
1930486,25941,"PARTNERS GROUP MANAGEMENT III LIMITED"
1930486,25091,"PARTNERS GROUP (GUERNSEY) LIMITED"
1930486,26149,"PARTNERS GROUP MANAGEMENT VII LIMITED"
1930486,26768,"PARTNERS GROUP MANAGEMENT VII LIMITED"
1930486,59716,"PARTNERS GROUP MANAGEMENT II S.À R.L."
1930486,259567,"PARTNERS GROUP CAYMAN MANAGEMENT I LIMITED"
1930486,26803,"PARTNERS GROUP MANAGEMENT VIII LIMITED"
1930486,25978,"PARTNERS GROUP MANAGEMENT V LIMITED"
1930486,202086,"PARTNERS GROUP CLIENT ACCESS MANAGEMENT I LIMITED"
1930486,26864,"PARTNERS GROUP MANAGEMENT IX LIMITED"
1927229,5381,"KROHNE CAPITAL"
1925588,196341,"BRIDGESCALE LLC"
1925588,20406,"BRIDGESCALE PARTNERS GP I, LLC"
1922074,435983,"FIRST AVENUE VENTURES GP, LLC"
1922074,435978,"FIRST AVENUE VENTURES LIFE SCIENCE MANAGEMENT, LLC"
1920155,435862,"GREENPEAK GP GMBH"
1920155,435878,"GREENPEAK GP GMBH"
1920155,435876,"GREENPEAK GP GMBH"
1920155,435877,"GREENPEAK GP GMBH"
1920155,435863,"GREENPEAK GP GMBH"
1929012,55921,"WATERTON GLOBAL RESOURCE MANAGEMENT CAYMAN CORP."
1929012,55921,"WATERTON GLOBAL RESOURCE MANAGEMENT, LP"
1929012,181178,"WATERTON MINING PARALLEL FUND GP CORP."
1911471,435207,"IBERIS SEMPER, SOCIEDADE DE CAPITAL DE RISCO, S.A."
1911471,435199,"IBERIS SEMPER, SOCIEDADE DE CAPITAL DE RISCO, S.A."
1911471,432345,"IBERIS SEMPER, SOCIEDADE DE CAPITAL DE RISCO, S.A."
1911471,435198,"IBERIS SEMPER, SOCIEDADE DE CAPITAL DE RISCO, S.A."
1911471,435200,"IBERIS SEMPER, SOCIEDADE DE CAPITAL DE RISCO, S.A."
1911471,435201,"IBERIS SEMPER, SOCIEDADE DE CAPITAL DE RISCO, S.A."
1906530,428305,"COVALENCE EQUITY INCOME FUND GP, L.P."
1906530,428304,"COVALENCE EQUITY INCOME FUND GP, L.P."
1919481,234803,"CAPITAL Q MANAGEMENT LLC"
1919481,252719,"CAPITAL Q MANAGEMENT LLC"
1911066,40816,"ANTARES CAPITAL PARTNERS IV, LLC"
1911066,40786,"ANTARES CAPITAL PARTNERS IV, LLC"
1911066,195724,"ANTARES CAPITAL PARTNERS IV, LLC"
1911066,431987,"RANDALL E. POLINER"
1911066,431986,"RANDALL E. POLINER"
1911066,431986,"JONATHAN I. KISLAK"
1932608,319567,"AFC INSTITUTIONAL FUND HOLDINGS LLC"
1927145,436373,"COREY JONES"
1927145,436373,"STEPHANIE DORSEY"
1927923,436373,"COREY JONES"
1927923,436373,"STEPHANIE DORSEY"
1928540,209110,"RENEWAL4 GENERAL PARTNER LTD."
1928540,63640,"RENEWAL2 GENERAL PARTNER LTD."
1928540,63644,"RENEWAL3 GENERAL PARTNER LTD."
1922517,435849,"DIRECTORS: ANN MARY WRIGHT (CHAIR), NOEL FORD AND BRENDAN ANTHONY CAMPBELL"
1928208,316715,"FOUR CITIES FUND V GP, LLC"
1928208,316715,"MATTHEW MCKNIGHT"
1928208,316715,"LOUIS BERYL"
1928208,278078,"MATTHEW MCKNIGHT"
1928208,278078,"LOUIS BERYL"
1928208,278078,"FOUR CITIES FUND V GP, LLC"
1928208,316720,"MATTHEW MCKNIGHT"
1928208,316720,"LOUIS BERYL"
1928208,316720,"FOUR CITIES FUND V GP, LLC"
1928208,281018,"MATTHEW MCKNIGHT"
1928208,281018,"FOUR CITIES FUND V GP, LLC"
1928208,281018,"LOUIS BERYL"
1928208,316717,"MATTHEW MCKNIGHT"
1928208,316717,"LOUIS BERYL"
1928208,316717,"FOUR CITIES FUND V GP, LLC"
1928208,316719,"MATTHEW MCKNIGHT"
1928208,316719,"LOUIS BERYL"
1928208,316719,"FOUR CITIES FUND V GP, LLC"
1928208,316721,"MATTHEW MCKNIGHT"
1928208,316721,"LOUIS BERYL"
1928208,316721,"FOUR CITIES FUND V GP, LLC"
1928208,436428,"FOUR CITIES FUND VI GP, LLC"
1928208,436428,"LOUIS BERYL, GENERAL PARTNER"
1928208,436428,"MATTHEW MCKNIGHT, GENERAL PARTNER"
1928208,436428,"BENJAMIN HUTCHINSON, GENERAL PARTNER"
1928208,436428,"GEORGE DAVIES, GENERAL PARTNER"
1932004,436984,"DERIVE VENTURES MANAGEMENT COMPANY, LLC"
1932004,436983,"DERIVE VENTURES MANAGEMENT COMPANY, LLC"
1932004,436986,"DERIVE VENTURES MANAGEMENT COMPANY, LLC"
1932004,363446,"DERIVE VENTURES GP I, LLC"
1932004,378648,"DERIVE VENTURES MANAGEMENT COMPANY, LLC"
1932004,378651,"DERIVE VENTURES MANAGEMENT COMPANY, LLC"
1932004,378628,"DERIVE VENTURES MANAGEMENT COMPANY, LLC"
1933240,311853,"H2 EQUITY PARTNERS MANAGEMENT FUND BV"
1933240,178296,"H2 EQUITY PARTNERS MANAGEMENT FUND BV"
1933356,19191,"SCP VITALIFE II ASSOCIATES, L.P."
1933415,357162,"UBIQUITY SPV GP, LP"
1924040,436150,"SKYWARD PARTNERS GP LLC"
1923892,228368,"VELA CAPITAL MANAGEMENT LLC"
1925098,436259,"MISES CAPITAL PARTNERS"
1924892,10917,"NGP ETP II, L.L.C."
1924170,224126,"DWS INVESTMENT S.A."
1924170,397306,"PEIF IV GP (LUX) S.À R.L."
1924170,237419,"PEIF III GP (LUX) S.À R.L."
1924170,284615,"INFRAMEWA CO-INVEST GP S.À R.L."
1924170,362544,"COMPASS EUROPEAN INFRASTRUCTURE GP  S.À R.L."
1924170,396641,"SGI GP (LUX) S.À R.L."
1924170,285697,"UGEAP GENERAL PARTNER S.À R.L"
1905173,428234,"JEAN MARC MCLEAN - MANAGER"
1905173,428234,"JEFFREY YURKOVIC - MANAGER"
1905173,428234,"ELLIOT GREENBERG - MANAGER"
1905173,428234,"JEROME DEVILLET - MANAGER"
1932050,43960,"ADRIAN WATERS"
1932050,43960,"PETTER SOGN"
1932050,43960,"MICHAEL BOYCE"
1924453,190113,"STILL LAKE CAPITAL, LLC"
1924122,309179,"PENG SHE"
1924122,309179,"CLARIS RUWENDE"
1924122,309179,"MARTIN JOSEPH O'REGAN"
1924122,309546,"WAFRA ASIA OPPORTUNITY FUND GP LP"
1917528,435252,"JOSEPH KELLY"
1917528,435252,"ROGER OHAN"
1917528,435252,"SCOTT B. BERNSTEIN"
1917528,435252,"WILLIAM ANDERSON"
1917528,435232,"WILLIAM ANDERSON"
1917528,435232,"SCOTT B. BERNSTEIN"
1917528,435230,"SCOTT B. BERNSTEIN"
1917528,435230,"WILLIAM ANDERSON"
1917528,435231,"JOSEPH KELLY"
1917528,435231,"ROGER OHAN"
1917528,435231,"SCOTT B. BERNSTEIN"
1917528,435231,"WILLIAM ANDERSON"
1917528,435228,"ROGER OHAN"
1917528,435228,"JOSEPH KELLY"
1917528,435228,"SCOTT B. BERNSTEIN"
1917528,435228,"WILLIAM ANDERSON"
1924738,314532,"DELLORA INVESTMENTS FUND GP LLC"
1924738,436169,"DELLORA LONG ONLY FUND GP LLC"
1928486,281268,"CERTA FUND I GP, LLC"
1930297,230553,"LANDSEA CAPITAL FUND I MANAGER, LLC"
1933275,363034,"HASH3 CAPITAL GP LLC"
1933297,422071,"MEREO CAPITAL PARTNERS II GP, LLC"
1933297,422070,"MEREO CAPITAL PARTNERS I GP, LLC"
1933297,311200,"MEREO CAPITAL PARTNERS I GP. LLC"
1910568,436307,"K8 FUND I GP LLC"
1932701,171581,"GREENSTONE MANAGEMENT LIMITED"
1932701,171574,"GREENSTONE MANAGEMENT II LIMITED"
1926233,426500,"JAMES BEECHERL"
1926233,426500,"RSMGP LLC"
1926233,426500,"LOUIS BEECHERL"
1930891,436637,"PTV GP IV, LP"
1933706,191078,"DELLINSF MANAGEMENT LLC"
1933706,196007,"FRANCISCUS VAN LINT"
1929190,436471,"TRO SPECIALTY PRIVATE FUND CREDIT FUND MANAGER LLC"
1933274,171792,"RONALD ARNOFF"
1933274,173573,"PHILIP F. MARITZ"
1933274,170256,"PETER FRORER"
1933274,212645,"PETER FRORER"
1921045,435713,"NEMAN VENTURES LLC"
1921045,428405,"NEMAN VENTURES LLC"
1921045,378847,"NEMAN VENTURES LLC"
1921045,378832,"NEMAN VENTURES LLC"
1921045,378821,"NEMAN VENTURES LLC"
1921045,378841,"NEMAN VENTURES LLC"
1921045,378760,"NEMAN VENTURES LLC"
1921045,378810,"NEMAN VENTURES LLC"
1921045,428402,"NEMAN VENTURES LLC"
1921045,428403,"NEMAN VENTURES LLC"
1933340,269620,"PART V CAPITAL MANAGEMENT, LLC"
1933341,228969,"MMC GP SCALE-UP I LLP"
1933397,194040,"STEPHEN FOSTER"
1933397,194040,"DAMIAN JURIC"
1933397,194040,"ALAN TOOKER"
1930872,436997,"PATRICK FLAHERY"
1930872,436997,"DAVID HAMMOND"
1930872,436997,"GREG BENNETT"
1930872,436997,"BARBARA HEALY"
1930872,436997,"LINBURGH MARTIN"
1930872,436997,"MARION MULVEY"
1930872,436933,"BARBARA HEALY"
1930872,436933,"DAVID HAMMOND"
1930872,436933,"GREG BENNETT"
1930872,436933,"LINBURGH MARTIN"
1930872,436933,"MARION MULVEY"
1930872,436933,"PATRICK FLAHERTY"
1930872,436934,"BARBARA HEALY"
1930872,436934,"DAVID HAMMOND"
1930872,436934,"GREG BENNETT"
1930872,436934,"LINBURGH MARTIN"
1930872,436934,"MARION MULVEY"
1930872,436934,"PATRICK FLAHERTY"
1930872,436925,"MARSHALL WACE (GP1) LTD (GENERAL PARTNER)"
1922549,281098,"VISION OPPORTUNITY MASTER FUND (GP) INC."
1922549,281150,"VISION OPPORTUNITY MASTER FUND (GP) INC."
1922549,205263,"VISION STRATEGIC OPPORTUNITY NON-RESIDENT FUND (GP) INC."
1929230,174591,"500 TUKTUKS GP, L.P."
1929230,174591,"500 TUKTUKS GP, LTD"
1929230,174610,"500 STARTUPS JP, L.L.C."
1929230,51999,"500 STARTUPS II, L.L.C."
1929230,21996,"500 STARTUPS, L.L.C."
1929230,336724,"500 GEORGIA, L.L.C."
1929230,337232,"500 MENA, L.L.C."
1929230,61123,"500 LUCHADORES, L.L.C."
1929230,184585,"500 DURIANS II, L.L.C."
1929230,70078,"500 MOBILE COLLECTIVE L.L.C."
1929230,174581,"500 KIMCHI, L.L.C."
1929230,174608,"500 STARTUPS IV, L.L.C."
1929230,287513,"500 GLOBAL ACCELERATOR FUND I, L.L.C."
1929230,194372,"SMARTHR SPV, L.L.C"
1929230,377322,"500 GLOBAL MANAGEMENT KOREA L.C."
1929230,377322,"500 KOREA III, L.L.C."
1929230,287509,"500 SOUTHEAST ASIA SPV II, L.L.C."
1929230,61131,"500 STARTUPS III, L.L.C."
1929230,184579,"500 LUCHADORES II, L.L.C."
1929230,193477,"500 FINTECH, L.L.C."
1929230,61467,"500 DURIANS, L.L.C."
1929230,184573,"500 STARTUPS ISTANBUL, L.L.C."
1929230,236247,"500 LUCHADORES III, L.L.C."
1929230,236237,"500 STARTUPS V, L.L.C."
1929230,217658,"500 TUKTUKS II, L.L.C."
1929230,236243,"500 STARTUPS KOREA II, L.L.C."
1929230,217666,"500 DURIANS GROWTH FUND I, L.L.C."
1929230,287521,"ORZON VENTURES, L.L.C."
1929230,22008,"500 STARTUPS, L.L.C."
1929230,193474,"500 FALCONS, L.L.C."
1929230,61129,"500 STARTUPS III, L.L.C."
1929230,51993,"500 STARTUPS II, L.L.C."
1929230,60955,"500 STARTUPS ANNEX, L.L.C."
1929230,377317,"500 LATAM SEED IV, L.L.C."
1929230,288411,"500 MENA ACCELERATOR I, L.L.C."
1929230,287512,"500 GLOBAL SPV I, L.L.C."
1929230,254662,"500 SOUTHEAST ASIA III, L.L.C."
1929230,174603,"500 STARTUPS IV, L.L.C."
1929230,377305,"500 GLOBAL FLAGSHIP VI, L.L.C."
1929230,377310,"500 MENA ACCELERATOR II, L.L.C."
1929230,377330,"500 ENDAU CAPITAL, L.L.C."
1929230,377383,"500 SOUTHEAST ASIA SPV III, L.L.C."
1929293,180258,"JETSTREAM PARTNERS LLC"
1929293,180299,"JOEL DOBBERPUHL, MANAGING MEMBER"
1933732,210764,"HNVR TECHNOLOGY INVESTMENT GP, LLC"
1933732,363830,"HNVR TECHNOLOGY INVESTMENT GP, LLC"
1928005,181009,"19 CAPITAL GP, LLC"
1928002,432803,"STACEY KIRKCONNELL"
1928002,432803,"YAVUZ ARIKAN"
1928002,432803,"RALPH WOODFORD"
1930190,436561,"SAMI CAPITAL, LLC"
1930641,364523,"MITSUI & CO. GLOBAL INVESTMENT, INC."
1930641,365114,"E12 VENTURE CAPITAL, LLC"
1925594,355403,"VERITY PREIST (DIRECTOR)"
1925594,355403,"CHRISTOPHER DAY (DIRECTOR)"
1925594,355403,"JING ZHOU (DIRECTOR)"
1927401,316677,"VERONORTE CAPITAL FUND OF FUNDS I GP LLC"
1915511,43160,"GP 6"
1916276,435259,"PROTEUS, LLC"
1917376,288455,"ANSA CAPITAL GP I, LLC"
1917376,288433,"ANSA CAPITAL GP I, LLC"
1917807,67065,"BFO INVESTMENTS LLC"
1908507,435820,"GUARANTEED FINANCIAL LLC"
1915511,235513,"GP 7"
1915511,43223,"GP 2"
1915511,43147,"GP 6"
1915511,43123,"GP 5"
1915511,43170,"GP 3"
1915511,43180,"GP 3"
1915511,195849,"GP 2"
1915511,176186,"GP 2"
1915511,216565,"GP 4"
1915511,43072,"GP 5"
1915511,43214,"GP 2"
1924276,247304,"EREBOR GP LIMITED"
1924276,313293,"PETER RIODA, IAN LAMBERT"
1924276,277287,"ARKENSTONE GP I LIMITED"
1925520,436199,"COASTAL DUNE MANAGEMENT LLC"
1925520,218241,"COVEMARK MADERA MGR LLC"
1925520,218286,"COVEMARK WEST MGR LLC"
1925520,218293,"COVEMARK SMP FUND MGR LLC"
1925520,218278,"COVEMARK OFFICE II MGR LLC"
1925520,218215,"COVEMARK GROUP, LLC"
1925520,218234,"COVEMARK RIPTIDE MGR LLC"
1925520,214414,"COVEMARK MANAGEMENT, LLC"
1925520,218203,"COVEMARK GROUP, LLC"
1925520,218224,"COVEMARK SF MGR LLC"
1925520,218272,"COVEMARK LEGACY RIVERS MGR LLC"
1925520,214417,"COVEMARK MP MANAGEMENT, LLC"
1925520,218245,"COVEMARK NFH MANAGER, LLC"
1925520,214415,"COVEMARK OIL II MANAGEMENT, LLC"
1925520,257520,"COVEMARK MP IV MANAGEMENT, LLC"
1925520,214419,"COVEMARK MP FUND III SPONSOR, LLC"
1925520,235368,"COVEMARK CORDERO MANAGER, LLC"
1925520,436198,"COASTAL DUNE MANAGEMENT LLC"
1925186,15089,"CALUNIUS SPECIAL OPPORTUNITIES GP LIMITED"
1925186,185414,"CALUNIUS GP 3 LIMITED"
1925186,201759,"CALUNIUS SPECIAL OPPORTUNITIES GP LIMITED"
1918831,435347,"38 HILL STREET MAYFAIR LLC"
1918831,435348,"ADILSON AUGUSTO MARTINS JUNIOR"
1918831,435348,"PAULO EDUARDO GONÇALVES"
1918831,435349,"JHSF CAPITAL LTDA."
1924808,43935,"STERLING ADVISORY SERVICES, INC."
1924808,43936,"STERLING ADVISORY SERVICES, INC."
1924901,373070,"AUSTIN BARNARD, DIRECTOR"
1924901,373070,"JEFFREY SEKINGER, DIRECTOR"
1924901,373072,"AUSTIN BARNARD, DIRECTOR"
1924901,373072,"JEFFREY SEKINGER, DIRECTOR"
1924901,309000,"A & J TRADING III, LLC"
1924901,267878,"A & J TRADING II, LLC"
1924901,228861,"A & J TRADING, LLC"
1924901,309001,"A & J TRADING IV, LLC"
1924901,309002,"A & J TRADING V, LLC"
1922173,428239,"STRATAGEM CAPITAL MANAGEMENT LLC"
1922171,433792,"AVENDUS PE INVESTMENT ADVISORS PRIVATE LIMITED"
1922552,283900,"STONESHIELD GP S.A.R.L."
1922552,283900,"PAOLO FARAONE"
1922552,283900,"BORJA DE BENITO"
1922552,283900,"FEMY MOUFTAOU"
1922552,288979,"PAOLO FARAONE"
1922552,288979,"FEMY MOUFTAOU"
1922552,288979,"BORJA DE BENITO"
1922552,288979,"STONESHIELD GP S.A.R.L."
1922552,288976,"BORJA DE BENITO"
1922552,288976,"FEMY MOUFTAOU"
1922552,288976,"PAOLO FARAONE"
1922552,288976,"STONESHIELD GP S.A.R.L."
1922552,396850,"CARMEL MCGOVERN"
1922552,396850,"DAVID RHYDDERCH"
1922552,396850,"FRANK DE BOER"
1922552,396850,"KARL FUHRER"
1922552,396850,"MICHAEL MARCEL VAREIKA"
1922552,396587,"THE GREATER SHARE GP S.A R.L."
1922552,396587,"DANIEL PAUL FLETCHER"
1922552,396587,"RACHEL HOLMES"
1922552,396587,"FRANK DEWIT"
1901771,366617,"PRESERVATION CAPITAL PARTNERS CO-INVEST GP LIMITED"
1901771,366614,"PRESERVATION CAPITAL PARTNERS CO-INVEST GP LIMITED"
1901771,367801,"PCP STRATEGIC OPPORTUNITIES I GP LIMITED"
1901771,366610,"PRESERVATION CAPITAL PARTNERS CO-INVEST GP LIMITED"
1901771,366607,"PRESERVATION CAPITAL PARTNERS FUND II GP LIMITED"
1901771,247833,"PRESERVATION CAPITAL PARTNERS FUND I GP LIMITED"
1901771,366615,"PRESERVATION CAPITAL PARTNERS CO-INVEST GP LIMITED"
1924643,379245,"LAVA GP, A CAYMAN ISLANDS EXEMPTED COMPANY"
1924643,377196,"LAVA GP, A CAYMAN ISLANDS EXEMPTED COMPANY"
1924643,377216,"LAVA GP, A CAYMAN ISLANDS EXEMPTED COMPANY"
1922159,435818,"COMMONWEAL VENTURES FUND I GP, LLC"
1922159,435817,"COMMONWEAL VENTURES FUND I GP, LLC"
1922354,420574,"DAVID EGGLISHAW"
1922354,420574,"SAMANTHA FU"
1922354,420574,"JIN YANG"
1922354,420567,"DAVID EGGLISHAW"
1922354,420567,"SAMANTHA FU"
1922354,420567,"JIN YANG"
1922807,202479,"VINCI CAPITAL GESTORA DE RECURSOS LTDA."
1922807,202479,"VINCI CAPITAL  PARTNERS GP LIMITED"
1922807,243838,"VINCI CAPITAL  PARTNERS III GP LIMITED"
1922807,243838,"VINCI CAPITAL GESTORA DE RECURSOS LTDA."
1922807,243844,"VINCI CAPITAL GESTORA DE RECURSOS LTDA."
1922807,243844,"VINCI CAPITAL  PARTNERS III GP LIMITED"
1922807,243655,"VINCI CAPITAL  PARTNERS III GP LIMITED"
1922807,243655,"VINCI CAPITAL GESTORA DE RECURSOS LTDA."
1922807,202501,"VINCI CAPITAL GESTORA DE RECURSOS LTDA."
1922807,202489,"VINCI CAPITAL GESTORA DE RECURSOS LTDA."
1922807,202489,"VINCI CAPITAL  PARTNERS III GP LIMITED"
1922807,202512,"VINCI CAPITAL GESTORA DE RECURSOS LTDA."
1922807,202512,"VINCI CAPITAL  PARTNERS III GP LIMITED"
1922807,39511,"VINCI CAPITAL GESTORA DE RECURSOS LTDA."
1922807,39511,"VINCI CAPITAL  PARTNERS GP LIMITED"
1922807,39555,"VINCI CAPITAL GESTORA DE RECURSOS LTDA."
1922807,39555,"VINCI CAPITAL  PARTNERS GP LIMITED"
1922807,53482,"VINCI CAPITAL GESTORA DE RECURSOS LTDA."
1922807,62906,"VINCI CAPITAL GESTORA DE RECURSOS LTDA."
1922807,62906,"VINCI CAPITAL  PARTNERS GP LIMITED"
1922807,39461,"VINCI CAPITAL  PARTNERS GP LIMITED"
1922807,39461,"VINCI CAPITAL GESTORA DE RECURSOS LTDA."
1920512,435717,"CATEGORY VENTURES GP I, LLC"
1920428,435613,"HEADLIGHT SPV GP I, LLC"
1924426,436155,"KMD INVESTMENTS, GP, LLC"
1926242,435194,"PINNACLE HILL CAPITAL MANAGEMENT LLC"
1925714,284009,"CAPITAL MARKET SECURITIES, INC"
1920888,426306,"CALAFIA GROUP, LLC"
1920888,436231,"CALAFIA GROUP, LLC"
1920888,436232,"CALAFIA GROUP, LLC"
1920888,436233,"CALAFIA GROUP, LLC"
1925207,436189,"SKYRIVER CAPITAL GP, LLC"
1924743,212500,"SUTHERLAND IMPACT FUND GP, LP"
1924743,182733,"INVERDALE STRATEGIC FUND GP, LP"
1921874,276773,"STARKILLER CAPITAL GP, LP"
1923017,281353,"UCGP V(J), L.P."
1923020,281353,"UCGP V(J), L.P."
1924132,179427,"ATOMVEST LIMITED - MANAGER"
1924132,179427,"MARC PETER TOWERS - DIRECTOR"
1924132,179427,"JEFFREY KENNETH LOPEZ - DIRECTOR"
1924132,179427,"KEVIN ANDREW MEEHAN - DIRECTOR"
1925166,436187,"CHRISTIAN JAMES ORAM"
1924434,436151,"SURGEPOINT CAPITAL GP LLC"
1924434,436151,"JACOB SNIDER"
1924631,317351,"ARTISANAL VENTURES GP I, LLC"
1925482,27101,"AUTUMN WIND ASSET MANAGEMENT, INC."
1924981,228394,"FFC ARCADIA MANAGEMENT, LLC"
1929720,231112,"AM SQUARED GENERAL PARTNER LIMITED - GENERAL PARTNER"
1931466,370485,"PRESERVA GP LLC"
1931466,370485,"WALTER KISSLING - GENERAL PARTNER"
1931466,283489,"WALTER K KISSLING, GENERAL PARTNER & MANAGER"
1931466,283489,"INSGNIA BY KSC FUND GP LLC, GENERAL PARTNER"
1931006,310628,"N MICHIGAN AV GP LTD"
1931006,310603,"DIAMOND REALTY MANAGEMENT INC."
1931006,229434,"DREAM US CORE FUND 2 GP LLC"
1931006,268316,"DIAMOND REALTY MANAGEMENT INC."
1929107,375846,"ANDREW O'SHEA"
1929107,375846,"IAIN MACDONALD"
1929107,375846,"KEVIN BUTLER"
1929107,375846,"ROSEMARY BRYDON"
1929107,375846,"DERMOT CLARKE"
1929107,199847,"M&G GENERAL PARTNER INC"
1929107,375655,"MR. IAIN MACDONALD"
1929107,375655,"MS. KELLIE CRANE"
1929107,375655,"MS. SAMANTHA MCCONNELL"
1929107,375655,"MR. GAVIN CALDWELL"
1929107,375655,"MR. MIKE KIRBY"
1929107,375830,"IAIN MACDONALD"
1929107,375830,"KEVIN BUTLER"
1929107,375830,"ROSEMARY BRYDON"
1929107,375830,"DERMOT CLARKE"
1929107,375830,"ANDREW O'SHEA"
1929107,38079,"INFRACAPITAL GP I LLP"
1929107,372641,"INFRACAPITAL PARTNERS IV GP S.A.R.L"
1929107,375841,"ROSEMARY BRYDON"
1929107,375841,"DERMOT CLARKE"
1929107,375841,"ANDREW O'SHEA"
1929107,375841,"IAIN MACDONALD"
1929107,375841,"KEVIN BUTLER"
1929173,215981,"INFRACAPITAL PARTNERS III GP SARL"
1929173,196685,"INFRACAPITAL GREENFIELD PARTNERS I GP LIMITED"
1929173,172296,"INFRACAPITAL F2 GP LIMITEDP"
1929085,47068,"CHAE YEN TANG"
1929085,47068,"SU YIN TEOH"
1929085,47068,"JUSTIN SEOW"
1929085,47068,"HEINZ NIPP"
1929085,47068,"GILLEM TULLOCH"
1929085,65574,"ANTONIO JOSE UY PERIQUET"
1929085,65574,"CHAE YEN TANG"
1929085,65574,"JUSTIN SEOW"
1929085,65574,"CHUTIMA WORAMONTRI"
1929085,65574,"KEVIN HWANG HSIUNG CHAN"
1923648,194040,"STEPHEN FOSTER"
1923648,194040,"DAMIAN JURIC"
1923648,194040,"ALAN TOOKER"
1921996,435801,"DELTA EMERALD VENTURES GP LLC"
1929163,289649,"PRIMARY CAPITAL PARTNERS LLP - MANAGER"
1929163,289649,"PRIMARY V GP LLP - GENERAL PARTNER"
1929163,289611,"PRIMARY CAPITAL PARTNERS LLP - MANAGER"
1929163,289611,"PRIMARY IV GP LLP - GENERAL PARTNER"
1929618,436493,"PANGAEA VENTURES LTD."
1929618,359904,"PANGAEA VENTURES IMPACT LLC"
1929618,359904,"PANGAEA VENTURES LTD."
1929618,167781,"PANGAEA VENTURES LTD."
1929618,167781,"PANGAEA VENTURES III LLC"
1929618,227465,"PANGAEA VENTURES LTD."
1929618,227465,"PANGAEA VENTURES IV MANAGEMENT, L.P."
1929618,189948,"PANGAEA VENTURES LTD."
1929618,189948,"PANGAEA VENTURES IV MANAGEMENT, L.P."
1929618,285795,"CHRISTIAN ERICKSON"
1929618,285795,"ANDREW HAUGHIAN"
1916776,195918,"ALAN COLE"
1916776,195918,"DAVID SIMS"
1927355,436384,"GYRUS GUERNSEY GP LIMITED"
1927355,436470,"GYRUS MANAGEMENT GUERNSEY LIMITED"
1927355,436598,"GYRUS MANAGEMENT GUERNSEY LIMITED"
1927355,436475,"GYRUS MANAGEMENT GUERNSEY LIMITED"
1927355,436388,"GYRUS MANAGEMENT GUERNSEY LIMITED"
1927355,436382,"GYRUS MANAGEMENT GUERNSEY LIMITED"
1933289,4677,"RIVER BIRCH CAPITAL GP, LLC"
1933289,4706,"RIVER BIRCH CAPITAL GP, LLC"
1929302,224126,"DWS INVESTMENT S.A."
1929302,397306,"PEIF IV GP (LUX) S.À R.L."
1929302,237419,"PEIF III GP (LUX) S.À R.L."
1929302,284615,"INFRAMEWA CO-INVEST GP S.À R.L."
1929302,362544,"COMPASS EUROPEAN INFRASTRUCTURE GP  S.À R.L."
1929302,396641,"SGI GP (LUX) S.À R.L."
1929302,285697,"UGEAP GENERAL PARTNER S.À R.L"
1929302,436478,"EDLF II GP S.À R.L."
1920813,435698,"SOICHI UTSUMI -  DIRECTOR"
1920813,435698,"HEIDE HEIDEN-BLUNT - DIRECTOR"
1920813,435698,"MARIKO TSUCHIDA - DIRECTOR"
1920813,435698,"SHINKA CAPITAL MANAGEMENT LIMITED - INVESTMENT MANAGER"
1929754,426523,"CAPELIGHT GP LLC"
1929743,63919,"CHRISTOPHE THOMAS"
1929743,63919,"JEAN WANTZ"
1929743,63919,"CHARLES-ERNEST MEYER"
1933861,435529,"ADELPHI VENTURES FUND I GP, LLC"
1934061,19303,"COOK VALUE MANAGEMENT LLC"
1933477,370941,"PHX MANAGEMENT COMPANY, LLC"
1927639,436405,"JEFF HAU"
1933359,369123,"QUANTA GP, LLC"
1933747,70070,"UPI MANAGEMENT, LLC"
1928544,278693,"ACTAI UNICORN FUND II GP, LLC"
1930832,436627,"AGVENTURES II GP, LLC"
1930832,436619,"AGVENTURES III GP, LLC"
1928336,288483,"AI-SQUARED MANAGEMENT LIMITED - INVESTMENT MANAGER"
1928336,288483,"NEIL MACKIE - DIRECTOR"
1928336,288483,"SUKRU KESEBI - DIRECTOR"
1928336,288483,"WEI LUO - DIRECTOR"
1928344,428425,"XIAORUI BAO - DIRECTOR"
1928344,428425,"FEI WU - DIRECTOR"
1923473,436065,"MOSES CAPITAL FUND I GP, LP, GENERAL PARTNER"
1923473,436065,"MOSES CAPITAL PARTNERS, LLC, INVESTMENT MANAGER"
1923473,436065,"ASYA SHPILMAN, MANAGER"
1923473,436065,"LEV LEVIEV, MANAGER"
1922199,29364,"SEGULAH IV GP ILP"
1920816,337337,"ALPHA ASCENT ORGANELLE MANAGER LLC"
1920816,337310,"ALPHA ASCENT ADVANCE MANAGER LLC"
1920816,300174,"ALPHA ASCENT STRATA MANAGER LLC"
1920816,300176,"ALPHA ASCENT ZINC MANAGER LLC"
1920816,195587,"ALPHA ASCENT GOURMET MANAGER LLC"
1920816,211229,"ALPHA ASCENT SURFACE MANAGER LLC"
1920816,213120,"ALPHA ASCENT NEWS MANAGER LLC"
1920816,211230,"ALPHA ASCENT HEALTHCARE MANAGER LLC"
1920816,256742,"ALPHA ASCENT AMULET MANAGER LLC"
1920816,300173,"ALPHA ASCENT ADDITION MANAGER LLC"
1920816,300175,"ALPHA ASCENT SPRING MANAGER LLC"
1920816,337316,"ALPHA ASCENT MINT MANAGER LLC"
1920816,337313,"ALPHA ASCENT PAYFLOW MANAGER LLC"
1919392,435421,"ASCENDO VENTURES GP I, LLC"
1924270,65569,"SHV GENERAL PARTNER, INC."
1914491,433798,"ADAM RAMADA, PREFERRED UNIT MANAGER"
1914491,433798,"TIBERIA ASSET OPPORTUNITIES GP LIMITED"
1924461,436153,"RAZOR'S EDGE VENTURES III, LLC"
1924461,289081,"RAZOR'S EDGE VENTURES III, LLC"
1924461,289095,"RAZOR'S EDGE VENTURES III, LLC"
1923747,16287,"KEPHA PARTNERS II GP, L.P."
1923747,15926,"KEPHA PARTNERS I GP, LP"
1930104,436553,"AIRBORNE VENTURES GP I, LLC"
1931127,181130,"BLUEGRASS GP LLC"
1925087,317245,"BOWOOD CAPITAL ADVISORS, LLC"
1919626,435447,"SCIFOUNDERS II GP, LLC"
1919626,419487,"SCIFOUNDERS GP, LLC"
1926705,194286,"MOONSAIL GP, LLC"
1926353,178873,"MARNELL CAPITAL LLC"
1922945,229954,"SUIMEI GP LLC"
1923324,435942,"OLIVE HOSPITALITY GROUP LLC"
1923324,435959,"OLIVE HOSPITALITY GROUP LLC"
1923324,435965,"OLIVE HOSPITALITY GROUP LLC"
1931263,422952,"COGENUITY FUND I GP, LP"
1921823,436252,"LSOF MANAGER LLC - DANIEL ROSHCO"
1921823,435792,"LSOF MANAGER LLC - DANIEL S. ROSHCO"
1923686,421132,"STACEY-ANN KIRKCONNELL"
1923686,421132,"JONATHAN HUA JUN XIONG"
1923686,421132,"NEIL MACKIE"
1923686,421132,"ARROWPOINT INVESTMENT PARTNERS (CAYMAN) LIMITED"
1926671,254122,"RAN LI;  MARTIN O'REGAN;  PHILIP TYE"
1933019,250131,"SGC SPV GP LLC"
1933019,250129,"SGC SPV GP LLC"
1933019,282551,"SGC SPV GP LLC"
1933019,250130,"SGC SPV GP LLC"
1933019,250128,"SGC SPV GP LLC"
1925640,250067,"GRANITE MANAGEMENT II, LLC, OF WHICH GRANITE VENTURES LLC IS THE MANAGING MEMBER."
1925640,7678,"GRANITE MANAGEMENT II, LLC, OF WHICH GRANITE VENTURES LLC IS THE MANAGING MEMBER."
1924881,365668,"VEMURI CAPITAL II, LLC"
1913926,433145,"ASCERTIS (MAURTIUS) LIMITED"
1913926,433144,"ASCERTIS (MAURITIUS) LIMITED"
1924083,436131,"1EP VENTURES GP I, LLC"
1922195,435822,"DEMETER INVESTMENT HOLDINGS"
1914988,368585,"SEEDTOB MANAGEMENT COMPANY, LLC"
1914988,368588,"SEEDTOB MANAGEMENT COMPANY, LLC"
1921518,435764,"WINHALL MANAGEMENT COMPANY LLC"
1921065,435714,"JACKSON ROSE MANAGEMENT, LLC"
1921065,435715,"JACKSON ROSE MANAGEMENT, LLC"
1921065,435716,"JACKSON ROSE MANAGEMENT, LLC"
1922910,200979,"GP TAU"
1922910,9072,"GP ZETA"
1922910,9082,"GP DELTA"
1922910,174038,"GP PHI"
1922910,188438,"GP PHI"
1922910,173996,"GP PHI"
1922910,173959,"GP IOTA"
1922910,11103,"GP BETA"
1922910,11127,"GP BETA"
1922910,11144,"GP ALPHA"
1922910,11171,"GP ALPHA"
1922910,60021,"GP OMICRON"
1922910,60023,"GP OMICRON"
1922910,72846,"GP LAMBDA"
1922910,236689,"GP KOPPA"
1922910,72821,"GP IOTA"
1922910,221925,"GP TAU"
1922910,221315,"GP ETA"
1922910,293795,"GP GAMMA"
1922910,221293,"GP ETA"
1922910,9070,"GP KAPPA"
1933776,230760,"IMPERATIVE VENTURES GP, LLC"
1933776,370106,"IMPERATIVE VENTURES II GP, LLC"
1932029,371967,"HEADLINE ASIA V(GP), LTD"
1932029,64434,"IVP FUND II A (GP), LTD."
1932029,65019,"INFINITY E.VENTURES ASIA III (GP), LTD."
1932029,64437,"IVP FUND II B (GP), LTD."
1932029,236032,"INFINITY VENTURES IV (GP), LTD"
1933873,244318,"AXCEL V GP APS"
1933873,264065,"AXCEL VI GP APS"
1933873,373064,"AXCEL VII GP APS"
1933873,373059,"AXCEL VII GP APS"
1933873,244492,"AXCEL FONDEN"
1928467,369520,"FUND GP, LLC"
1928467,355679,"FUND GP, LLC"
1928467,369519,"FUND GP, LLC"
1933251,229371,"MARK J. ALBUS"
1933251,229371,"SUMESH K. SOOD"
1933302,211254,"MIDWEST GROWTH ADVISORS, LLC"
1933302,211254,"MGP, LLC"
1933368,435713,"NEMAN VENTURES LLC"
1933368,428405,"NEMAN VENTURES LLC"
1933368,378847,"NEMAN VENTURES LLC"
1933368,378832,"NEMAN VENTURES LLC"
1933368,378821,"NEMAN VENTURES LLC"
1933368,378841,"NEMAN VENTURES LLC"
1933368,378760,"NEMAN VENTURES LLC"
1933368,378810,"NEMAN VENTURES LLC"
1933368,428402,"NEMAN VENTURES LLC"
1933368,428403,"NEMAN VENTURES LLC"
1928388,357920,"RICHARD SCOTT HOPKINS"
1928388,357920,"ANNE STORIE"
1928388,356776,"HIVEMIND LIQUID OPPORTUNITY GP, LLC"
1928388,420645,"HIVEMIND DIGITAL CULTURE GP, LLC"
1928388,420998,"JOSE MARIA SAIZ NICOLAS"
1928388,420998,"KEVIN DOYLE"
1928388,420998,"LASSIE MULLIGAN"
1927419,234643,"FARADAY CAPITAL, L.P."
1927419,247208,"FARADAY CAPITAL, L.P."
1927542,379255,"RED & BLUE VENTURES II GP, LLC"
1927542,304540,"RED & BLUE VENTURES, LLC"
1927542,304562,"RED & BLUE VENTURES, LLC"
1927542,304552,"RED & BLUE VENTURES, LLC"
1927542,248885,"RED & BLUE VENTURES II GP, LLC"
1927542,248888,"RED & BLUE VENTURES, LLC"
1927542,247944,"RED & BLUE VENTURES, LLC"
1927542,248887,"RED & BLUE VENTURES, LLC"
1933360,34897,"ATHENS CAPITAL MANAGEMENT, LLC"
1933360,34935,"ATHENS CAPITAL MANAGEMENT, LLC"
1933339,16082,"VALHALLA II GP, LLC"
1932975,247091,"ROPPEL CAPITAL MANAGEMENT LLC"
1932975,247089,"ROPPEL CAPITAL MANAGEMENT LLC"
1927187,246238,"FIFTH LANE GP, LP"
1928900,319171,"MICHAEL BOYCE"
1928900,319171,"CONOR WALSH"
1928900,319171,"LARS TELL"
1923862,436180,"SCIP EQUITY GP LTD."
1923862,436201,"SCIP REAL ESTATE GP LTD."
1923862,436202,"SCIP HEDGE FUND GP LTD."
1923862,436183,"SCIP PRIVATE EQUITY GP LTD."
1933517,29879,"FSL CAPITAL II, LLC"
1933517,57584,"FSL CAPITAL III, LLC"
1933517,29801,"FSL CAPITAL, LLC"
1933517,185729,"FSL CAPITAL IV, LLC"
1933490,315197,"FRV CAPITAL, LLC"
1933490,315190,"FSL CAPITAL V, LLC"
1933490,315193,"FSL CAPITAL V, LLC"
1933490,244328,"FRV CAPITAL, LLC"
1925732,435538,"1840 INVESTORS LLC"
1925431,318102,"ARBORETUM INVESTMENT MANAGER, LLC"
1925431,318105,"ARBORETUM INVESTMENT MANAGER II, LLC"
1925431,318106,"ARBORETUM INVESTMENT MANAGER IIA, LLC"
1925431,318109,"ARBORETUM INVESTMENT MANAGER III, LLC"
1925431,318099,"ARBORETUM INVESTMENT MANAGER, LLC"
1925431,318111,"ARBORETUM INVESTMENT MANAGER IV, LLC"
1925431,318114,"ARBORETUM INVESTMENT MANAGER V, LLC"
1925431,318115,"ARBORETUM INVESTMENT MANAGER VI, LLC"
1925766,38432,"DFJ FUND IX CONTINUATION PARTNERS, L.P."
1925766,38478,"TIMOTHY C. DRAPER"
1925766,38478,"JOHN H.N. FISHER"
1925766,38488,"JOHN H.N. FISHER"
1925766,38488,"TIMOTHY C. DRAPER"
1925766,38352,"TIMOTHY C. DRAPER"
1925766,38352,"JOHN H.N. FISHER"
1925766,38398,"TIMOTHY C. DRAPER"
1925766,38398,"JOHN H.N. FISHER"
1925766,38408,"DRAPER FISHER JURVETSON FUND VIII PARTNERS, L.P."
1925766,38457,"DRAPER FISHER JURVETSON FUND X PARTNERS, L.P."
1922628,287543,"AILON GRUSHKIN"
1922628,54296,"NANO-CAP NEW MILLENNIUM ADVISORS, LLC"
1930680,18533,"GIL BEYDA, MANAGING PARTNER"
1929760,248812,"CENTURION US GP LLC"
1929765,277694,"BARBARA HEALY - DIRECTOR"
1929765,277694,"TIMOTHY SWEETING - DIRECTOR"
1929765,277694,"DANIEL WIENER - DIRECTOR"
1929191,436468,"JOAQUIM MARIA MAGALHÃES LUIZ GOMES"
1924312,356822,"SHARENETT INVESTMENT ADVISORS, LLC"
1924312,231472,"SHARENETT INVESTMENT ADVISORS, LLC"
1924312,231473,"SHARENETT INVESTMENT ADVISORS, LLC"
1924312,264738,"SHARENETT INVESTMENT ADVISORS, LLC"
1934275,356822,"SHARENETT INVESTMENT ADVISORS, LLC"
1934275,231472,"SHARENETT INVESTMENT ADVISORS, LLC"
1934275,231473,"SHARENETT INVESTMENT ADVISORS, LLC"
1934275,264738,"SHARENETT INVESTMENT ADVISORS, LLC"
1933412,209270,"CS INVESTMENT MANAGEMENT LLC"
1933412,218050,"CS INVESTMENT MANAGEMENT LLC"
1933412,282499,"CS INVESTMENT MANAGEMENT LLC"
1933426,194291,"CHECKETTS GRAVITY GP, LLC"
1933426,317305,"CHECKETTS RHONE SPV GP, LLC"
1933426,437081,"CHECKETTS RHONE SPV 2 GP, LLC"
1922168,267037,"CLEO CAPITAL FUND II GP, LLC"
1922168,302242,"CLEO OPPORTUNITY FUND GP, LLC"
1922168,267036,"CLEO CAPITAL FUND I GP, LLC"
1926189,231521,"LASS FAMILY TRUST LLC"
1929947,282712,"ETHOS INVESTMENTS GP LLC"
1927996,426513,"14PEAKS CAPITAL FUND I GP, S.À R.L."
1929624,428362,"CARDINAL COMPANIES FUND I GP, LLC"
1934391,369398,"LIEEF LLC, MANAGER"
1934399,55452,"GENESEE VALUE MANAGEMENT, LLC"
1914383,367406,"CITATION CERES CO-INVEST GP LP"
1914383,367408,"CITATION GP I LP"
1914383,367407,"CITATION GP I LP"
1914383,433671,"CITATION ALPHA CO-INVEST GP LP"
1914383,433669,"CITATION ALPHA CO-INVEST GP LP"
1925657,364659,"24TH STREET ASSET MANAGEMENT LLC"
1925657,364410,"BOAM FUND ONE: GP LLC"
1925657,364660,"24TH STREET ASSET MANAGEMENT LLC"
1925135,363488,"ACE REDPOINT VENTURES III GP, L.P."
1925135,215022,"ACE REDPOINT OPPORTUNITY CHINA GP, L.P."
1925135,189152,"ACE REDPOINT VENTURES CHINA I GP, L.P."
1925135,189162,"ACE REDPOINT VENTURES CHINA I GP, L.P."
1925135,215303,"ACE REDPOINT VENTURES CHINA II GP, L.P."
1925135,436186,"ACE REDPOINT OPPORTUNITY II GP, L.P."
1928549,285988,"HCVP II, LLC"
1928549,256042,"HCVP I, LLC"
1930258,436586,"AVIDAN ROSS"
1930258,436587,"AVIDAN ROSS"
1930258,436588,"ROOT VENTURES GP, LLC"
1930258,436573,"AVIDAN ROSS"
1930258,436574,"AVIDAN ROSS"
1930258,436575,"AVIDAN ROSS"
1930258,436576,"AVIDAN ROSS"
1930258,436577,"AVIDAN ROSS"
1930258,436578,"AVIDAN ROSS"
1930258,436579,"AVIDAN ROSS"
1930258,436592,"AVIDAN ROSS"
1930258,436567,"AVIDAN ROSS"
1930258,436568,"AVIDAN ROSS"
1930258,436569,"AVIDAN ROSS"
1930258,436593,"AVIDAN ROSS"
1930258,436566,"AVIDAN ROSS"
1930258,436582,"AVIDAN ROSS"
1930258,436583,"AVIDAN ROSS"
1930258,436584,"AVIDAN ROSS"
1930258,436585,"AVIDAN ROSS"
1930258,436581,"AVIDAN ROSS"
1930258,436580,"AVIDAN ROSS"
1930258,436565,"AVIDAN ROSS"
1930258,436594,"ROOT VENTURES III GP, LLC"
1930258,436572,"AVIDAN ROSS"
1930258,436571,"AVIDAN ROSS"
1930258,224162,"ROOT VENTURES II GP, LLC"
1930258,436590,"AVIDAN ROSS"
1930258,436589,"AVIDAN ROSS"
1930258,436591,"AVIDAN ROSS"
1930258,436570,"AVIDAN ROSS"
1928433,309218,"DC FOF 3 GP, LLC"
1928433,305051,"DC FOF 2 GP, LLC"
1912487,432821,"BSF II GP, LLC"
1912487,432820,"BSF II GP, LLC"
1912494,432822,"BERKELEY SKYDECK FUND I GP, LLC"
1922948,435866,"A-FUND IV INVESTMENT MANAGEMENT, L.P."
1922948,435868,"A-FUND IV INVESTMENT MANAGEMENT, L.P."
1904925,230936,"ROBB VICTOR ARNULPHY"
1904925,230936,"SIMON COX"
1904925,230936,"JOSEPHINE ORGILL"
1924710,312459,"DARDANELLES CAPITAL GP, LLC"
1922348,26295,"JAMES SHEA, JWEE LIANG TEO, MELISSA BROWN, CHRISTOPH WEDEGAERTNER"
1930817,231025,"TONGSHU WANG"
1930817,231025,"CHRISTOPHER DAY"
1930817,231025,"ZHEN ZHANG"
1930817,255074,"TONGSHU WANG"
1930817,255074,"CHRISTOPHER DAY"
1930817,255074,"ZHEN ZHANG"
1930086,319939,"17CAPITAL STRATEGIC LENDING FUND 6 LUXEMBOURG GP S.A R.L"
1930086,372668,"EMERALD DIVERSIFIED CREDIT GP S.A.R.L"
1930086,372675,"17CAPITAL CREDIT STRATEGIC PARTNERSHIP GP SARL"
1930086,418099,"17 CAPITAL LLP"
1930086,418118,"17CAPITAL (SCOTS GP 4) LLP"
1930086,418113,"17CAPITAL LUXEMBOURG GP S.A.R."
1930086,418131,"17CAPITAL (SCOTS GP 4) LLP"
1930086,418125,"17CAPITAL LUXEMBOURG GP S.A.R.L"
1930086,372635,"17CAPITAL CREDIT 2 LUXEMBOURG GP SARL"
1930086,372638,"17CAPITAL CREDIT 2 LUXEMBOURG GP SARL"
1930086,372642,"17CAPITAL CREDIT 2 LUXEMBOURG GP SARL"
1930086,372721,"17CAPITAL STRATEGIC PATH FUND (A) GP S.A.R.L"
1930086,372657,"17CAPITAL CREDIT 2 LUXEMBOURG GP SARL"
1930086,319388,"17CAPITAL CREDIT LUXEMBOURG GP S.A.R.L."
1930086,319935,"17CAPITAL CO-INVEST (V) GP SARL"
1930086,319936,"17CAPITAL STRATEGIC PATH FUND (A) GP S.A.R.L"
1930086,319937,"17CAPITAL STRATEGIC LENDING FUND 6 LUXEMBOURG GP S.A R.L"
1930086,310793,"17CAPITAL STRATEGIC PATH FUND (A) GP S.A.R.L"
1930086,310943,"17CAPITAL CREDIT LUXEMBOURG GP S.A.R.L."
1930086,310942,"17CAPITAL FUND 5 LUXEMBOURG GP S.A.R.L"
1930086,319954,"17CAPITAL STRATEGIC LENDING FUND 6 LUXEMBOURG GP S.A R.L"
1930086,246094,"17CAPITAL FUND 5 LUXEMBOURG GP S.A R.L"
1930086,246093,"17CAPITAL FUND 5 LUXEMBOURG GP S.A R.L"
1930086,268981,"17CAPITAL CREDIT LUXEMBOURG GP S.A.R.L."
1930086,310795,"17CAPITAL CO-INVEST (B) GP S.A.R.L"
1930086,310944,"17CAPITAL CREDIT LUXEMBOURG GP S.A.R.L."
1930086,310794,"17CAPITAL CO-INVEST (A) GP S.A.R.L"
1930086,372726,"17CAPITAL CREDIT LUXEMBOURG GP SARL"
1930086,372720,"17CAPITAL STRATEGIC PATH FUND (A) GP SARL"
1931923,432660,"BAKERS CREEK MANAGEMENT LLC"
1931923,432659,"BAKERS CREEK MANAGEMENT LLC"
1931923,363453,"HILLMAN ROYALTIES GP, LLC"
1931923,361310,"CANNON FIELD MINERALS FUND I GP, LLC"
1923944,280969,"ZEFF HOLDING COMPANY, LLC"
1923944,280969,"DANIEL ALDEN ZEFF"
1908697,282180,"VALEDOR CAPITAL MANAGEMENT, LP"
1908697,288975,"VALEDOR CAPITAL MANAGEMENT, LP"
1908697,282173,"VALEDOR CAPITAL MANAGEMENT, LP"
1908697,288967,"VALEDOR CAPITAL MANAGEMENT, LP"
1908697,373921,"VALEDOR CAPITAL MANAGEMENT, LP"
1908697,282178,"VALEDOR CAPITAL MANAGEMENT, LP"
1908697,282191,"VALEDOR CAPITAL MANAGEMENT, LP"
1908697,282170,"VALEDOR CAPITAL MANAGEMENT, LP"
1908697,282192,"VALEDOR CAPITAL MANAGEMENT, LP"
1908697,282172,"VALEDOR CAPITAL MANAGEMENT, LP"
1908697,251815,"VALEDOR CAPITAL MANAGEMENT, LP"
1908697,251807,"VALEDOR CAPITAL MANAGEMENT, LP"
1908697,244219,"VALEDOR CAPITAL MANAGEMENT, LP"
1908697,244217,"VALEDOR CP II FEEDER FUND GP, LLC"
1908697,244217,"VALEDOR CAPITAL MANAGEMENT, LP"
1908697,251818,"VALEDOR CAPITAL MANAGEMENT, LP"
1908697,282184,"VALEDOR CAPITAL MANAGEMENT, LP"
1908697,282146,"VALEDOR CAPITAL MANAGEMENT, LP"
1908697,251284,"VALEDOR CAPITAL MANAGEMENT, LP"
1908697,244216,"VALEDOR CAPITAL MANAGEMENT, LP"
1908697,244221,"VALEDOR CAPITAL MANAGEMENT, LP"
1908697,244221,"VALEDOR CP II FEEDER FUND GP, LLC"
1908697,244220,"VALEDOR CAPITAL MANAGEMENT, LP"
1908697,282186,"VALEDOR CAPITAL MANAGEMENT, LP"
1908697,282176,"VALEDOR CAPITAL MANAGEMENT, LP"
1908697,373956,"VALEDOR CAPITAL MANAGEMENT, LP"
1908697,373958,"VALEDOR CAPITAL MANAGEMENT, LP"
1924128,233015,"MASAKI GOTOH"
1924128,233015,"ADAM FOX"
1924128,233015,"BEN GILLOOLY"
1924128,250814,"MASAKI GOTOH"
1924128,250814,"ADAM FOX"
1924128,250814,"BEN GILLOOLY"
1930929,221944,"HANGAR 4 PARTNERS, L.L.C."
1930929,198600,"MICHAEL P. DE SANTIS"
1930929,198600,"BRUCE M. LUPATKIN"
1930929,198600,"HANGAR 4 PARTNERS, L.L.C."
1921357,192176,"PERGA CAPITAL MANAGEMENT, LP"
1919615,435469,"PRIME SET, LLC"
1919615,435471,"PRIME SET II, LLC"
1921352,368946,"CJIP (AP) VII GP, L.P."
1921352,368947,"APCP VII GP, L.P."
1921352,314484,"AP CAYMAN PARTNERS II-S GENERAL PARTNER, L.P."
1921352,314486,"CJIP (AP) VI GP, L.P."
1921352,314483,"ASIA CAPITAL PARTNERS, LTD."
1921352,314482,"ASIA CAPITAL MANAGEMENT, L.P."
1921352,314487,"JAPAN IRELAND INVESTMENT PARTNERS-S, LTD."
1921352,314485,"AP CAYMAN PARTNERS III GENERAL PARTNER, L.P."
1921352,435752,"ASIA CAPITAL MANAGEMENT II, L.P."
1922412,435184,"CRESCENT CAPITAL BDC, INC."
1920519,435637,"BBQ OPPORTUNITY VENTURES LLC"
1920519,435638,"BBQ OPPORTUNITY VENTURES LLC"
1920519,435639,"BBQ CAPITAL MANAGEMENT COMPANY, LLC"
1920519,435631,"BBQ OPPORTUNITY VENTURES LLC"
1920519,435632,"BBQ OPPORTUNITY VENTURES LLC"
1920519,435633,"BBQ OPPORTUNITY VENTURES LLC"
1920519,435634,"BBQ CAPITAL GP I LLC"
1920519,435651,"BBQ OPPORTUNITY VENTURES LLC"
1920519,435652,"BBQ OPPORTUNITY VENTURES LLC"
1920519,435653,"BBQ OPPORTUNITY VENTURES LLC"
1920519,435649,"BBQ OPPORTUNITY VENTURES LLC"
1920519,435650,"BBQ OPPORTUNITY VENTURES LLC"
1920519,435648,"BBQ OPPORTUNITY VENTURES LLC"
1920519,435635,"BBQ OPPORTUNITY VENTURES LLC"
1920519,435636,"BBQ OPPORTUNITY VENTURES LLC"
1920519,435654,"BBQ OPPORTUNITY VENTURES LLC"
1920519,435655,"BBQ OPPORTUNITY VENTURES LLC"
1920519,435656,"BBQ OPPORTUNITY VENTURES LLC"
1920519,435657,"BBQ CAPITAL MANAGEMENT COMPANY, LLC"
1920519,435641,"BBQ OPPORTUNITY VENTURES LLC"
1920519,435640,"BBQ CAPITAL MANAGEMENT COMPANY, LLC"
1920519,435642,"BBQ OPPORTUNITY VENTURES LLC"
1920519,435643,"BBQ OPPORTUNITY VENTURES LLC"
1920519,435645,"BBQ OPPORTUNITY VENTURES LLC"
1920519,435646,"BBQ OPPORTUNITY VENTURES LLC"
1920519,435647,"BBQ OPPORTUNITY VENTURES LLC"
1920519,435644,"BBQ OPPORTUNITY VENTURES LLC"
1922341,435837,"MURAT ERGUN"
1922805,33371,"MARLIN SAMS GENPAR, LLC"
1922492,435847,"MICHAEL CLEMENT LYLE"
1921396,320264,"BALANCE CAPITAL FUND GP LLC"
1923379,436075,"DAVID ROBNETT"
1923379,436074,"DAVID ROBNETT"
1922010,435821,"MONTE ROSA VENTURES GP, LLC"
1920066,435722,"KLIPSPRINGER CAPITAL MANAGEMENT LLC"
1923926,243685,"SCOUT VENTURES FUND III GP, LLC"
1923926,243703,"BHV ENTREPRENEURSHIP FUND GP, LLC"
1923926,243700,"BHV ENTREPRENEURSHIP FUND GP, LLC"
1923926,243681,"BHV ENTREPRENEURSHIP FUND II GP, LLC"
1923926,317840,"SCOUT VENTURES FUND IV GP LLC"
1921495,54005,"MOUNTAIN COVE GENPAR, LP"
1924130,419704,"UCGP IV (F), L.P."
1919709,428332,"PRAGMATYA TECHNOLOGIES LTD."
1923273,436068,"ADITYA DUTT (DIRECTOR)"
1923273,436068,"FRANK FISCHER (DIRECTOR)"
1923273,436068,"MICHAEL FRITH (DIRECTOR)"
1924748,428332,"PRAGMATYA TECHNOLOGIES LTD."
1925783,422888,"NEW CLIMATE VENTURES ACCESS FUND GP, LLC"
1925783,422889,"NEW CLIMATE VENTURES ACCESS FUND GP, LLC"
1925783,422887,"NEW CLIMATE VENTURES FUND I GP, LLC"
1925783,422890,"NEW CLIMATE VENTURES ACCESS FUND GP, LLC"
1925783,436219,"NEW CLIMATE VENTURES ACCESS FUND GP, LLC"
1924646,230005,"VICKERS VENTURE PARTNERS (S) PTE. LTD."
1924646,230000,"VICKERS VENTURE PARTNERS V LTD (CAYMAN)"
1924646,229996,"VICKERS VENTURE PARTNERS II LTD (CAYMAN)"
1924646,229997,"VICKERS VENTURE PARTNERS III LTD (CAYMAN)"
1924646,320165,"VICKERS VENTURE PARTNERS (S) PTE. LTD."
1924646,230001,"VICKERS VENTURE PARTNERS VI (CI) LTD."
1924646,230002,"VICKERS VENTURE FUND VI (EU) SARL"
1924646,230004,"VICKERS VENTURE PARTNERS VI (CI) LTD."
1924646,229999,"VICKERS VENTURE PARTNERS IV LTD (CAYMAN)"
1927073,284811,"OLD HICKORY FUND I GP, LLC"
1923640,312219,"CASSANDRA POWELL"
1923640,312219,"NICK GAZE"
1923640,312219,"SIMON PALMER"
1923640,194786,"JOHN LEGAT"
1923640,194786,"JEREMY HARDISTY"
1923640,194786,"MARC KOSLOWSKY"
1923640,194786,"PASCAL COSTANTINI"
1927499,436259,"MISES CAPITAL PARTNERS"
1927946,436413,"TRUSTMOORE IRELAND LIMITED"
1927946,427249,"TRUSTMOORE IRELAND LIMITED"
1927946,366082,"TMF MANAGEMENT (IRELAND) LIMITED"
1927946,366084,"TRUSTMOORE IRELAND LIMITED"
1927946,365963,"TMF MANAGEMENT (IRELAND) LIMITED"
1927946,436414,"TRUSTMOORE IRELAND LIMITED"
1926628,276773,"STARKILLER CAPITAL GP, LP"
1926132,428367,"SAGAMORE CHINA GENERAL PARTNER IV, L.P."
1926132,428388,"SLIPSTREAM HOLDINGS LLC"
1926132,428386,"SAGAMORE CHINA GENERAL PARTNER V, L.P."
1926132,428387,"SAGAMORE CHINA GENERAL PARTNER VI, L.P."
1923025,369279,"GP CII"
1923025,33900,"GP K"
1923025,33936,"GP E"
1923025,250082,"GP C"
1923025,315423,"GP KIII"
1932251,284154,"MICHELLE GREEN"
1932251,284154,"NAOMI DALY"
1932251,284154,"GRAINNE ALEXANDER"
1928899,421379,"CONOR WALSH"
1928899,421379,"LARS TELL"
1928899,421379,"MICHAEL BOYCE"
1912927,25290,"RBC INDIGO ASSET MANAGEMENT INC."
1912927,198229,"RBC INDIGO ASSET MANAGEMENT INC."
1912927,25257,"RBC INDIGO ASSET MANAGEMENT INC."
1912927,233658,"RBC INDIGO ASSET MANAGEMENT INC."
1912927,233662,"RBC INDIGO ASSET MANAGEMENT INC."
1912927,25273,"RBC INDIGO ASSET MANAGEMENT INC."
1912927,45133,"RBC INDIGO ASSET MANAGEMENT INC."
1912927,25264,"RBC INDIGO ASSET MANAGEMENT INC."
1912927,25259,"RBC INDIGO ASSET MANAGEMENT INC."
1912927,25265,"RBC INDIGO ASSET MANAGEMENT INC."
1912927,25289,"RBC INDIGO ASSET MANAGEMENT INC."
1912927,199439,"RBC INDIGO ASSET MANAGEMENT INC."
1925745,64763,"PETER TASKER - DIRECTOR"
1925745,64763,"RT. HON THE EARL OF CROMER - DIRECTOR"
1925745,64763,"YVONNE YUK YEE HO - DIRECTOR"
1925745,193083,"PETER TASKER - DIRECTOR"
1925745,193083,"RT. HON THE EARL OF CROMER - DIRECTOR"
1925745,193083,"WONG RAYMOND KIN JEON - DIRECTOR"
1927640,246744,"XL INNOVATE PARTNERS, LP"
1933403,46661,"OAKUM BAY TRIMARC PARTNERS, LLC"
1932266,364240,"MATTER VENTURE PARTNERS FUND I GP, LLC"
1933544,435160,"TAU VENTURES FUND I GP, LLC"
1933544,319135,"TAU VENTURES FUND II GP, LLC"
1933544,283735,"TAU VENTURES FUND I GP, LLC"
1933544,229966,"TAU VENTURES FUND I GP, LLC"
1928283,436431,"HEALTHIER CAPITAL GP I, LLC"
1924120,249627,"JADE ALTERNATIVE INVESTMENT ADVISORS LIMITED"
1924120,249629,"JCVP HOLDINGS II, L.P."
1924120,249631,"JCVP HOLDINGS, L.P."
1924120,249632,"JADE ALTERNATIVE INVESTMENT ADVISORS LIMITED"
1924120,249630,"JCVP HOLDINGS II, L.P."
1913424,422355,"PEAL CAPITAL PARTNERS FUND LIMITED"
1913424,422355,"ROBERT BURKE"
1913424,422355,"TARA MANDAL"
1905663,432355,"PURSUIT ALTERNATIVE INCOME FUND GP LLC"
1926080,370433,"BV AI GP, LLC"
1926080,317562,"BV I GP, LLC"
1926080,281151,"BV I GP, LLC"
1930667,435820,"GUARANTEED FINANCIAL LLC"
1930764,360713,"E12 VENTURE CAPITAL, LLC"
1932979,310721,"BLUESTEIN VENTURES FUND III GP, LLC"
1933301,21264,"SCP PRIVATE EQUITY II GENERAL PARTNER, L.P."
1928333,309803,"BK GROWTH PARTNERS MANAGER LLC"
1928333,309804,"BK GROWTH PARTNERS MANAGER 2 LLC"
1920705,435683,"CROSSPARADIGM CAPITAL MANAGEMENT LLC"
1931022,419907,"DAVID PRITCHARD"
1931022,419907,"LAURA DA ASCENÇÃO"
1922610,309338,"JOHN FORDE - DIRECTOR"
1922610,309338,"DENISE KINSELLA - DIRECTOR"
1922610,309338,"RENE A. BUSTAMANTE - DIRECTOR"
1922610,309338,"YOUNG LEE - DIRECTOR"
1931452,313585,"AQUAMARINE GP LTD."
1928294,227022,"WOLF FOREST INVESTMENT MANAGEMENT, LLC"
1928294,234254,"WOLF FOREST INVESTMENT MANAGEMENT, LLC"
1928294,234255,"WOLF FOREST INVESTMENT MANAGEMENT, LLC"
1929296,54635,"GEORGE A. KELLNER"
1929296,54635,"GLEN M. FRIEDMAN"
1929296,54634,"KELLNER GROUP, LLC"
1928015,421122,"KULTURA SUMMIT MASTER FUND GP LLC"
1922058,369129,"SHWETANK VERMA, DIRECTOR"
1922058,369127,"SHWETANK VERMA"
1922058,369127,"SAVITHA RAMAN"
1922058,277691,"SHWETANK VERMA, DIRECTOR"
1922058,277691,"SAVITA RAMAN, DIRECTOR"
1922058,369130,"SAVITHA RAMAN"
1922058,369130,"SHWETANK VERMA"
1922058,369132,"SAVITHA RAMAN"
1922058,369132,"SHWETANK VERMA"
1922058,369131,"SAVITHA RAMAN"
1922058,369131,"SHWETANK VERMA"
1922058,369133,"SAVITHA RAMAN"
1922058,369133,"SHWETANK VERMA"
1922058,369128,"SAVITHA RAMAN"
1922058,369128,"SHWETANK VERMA"
1922058,435811,"SHWETANK VERMA"
1922058,435811,"SAVITHA RAMAN"
1919739,435456,"MSA CHINA FUND II GP, LLC"
1914743,435740,"FF3 DAO ADMIN LLC"
1914743,435739,"SPC GP II 20211 LLC"
1914743,435738,"SPC GP III, LLC"
1914743,435250,"SPC GP II, LLC"
1914743,205248,"SPC GP I, LLC"
1914743,435735,"SPC GP II LLC"
1920505,435624,"AC VARDA I GP LLC"
1920505,435626,"AC VARDA I GP LLC"
1920505,435627,"ALSO CAPITAL II GP, LLC"
1920505,435622,"AC VARDA I GP LLC"
1933460,250067,"GRANITE MANAGEMENT II, LLC, OF WHICH GRANITE VENTURES LLC IS THE MANAGING MEMBER."
1933460,7678,"GRANITE MANAGEMENT II, LLC, OF WHICH GRANITE VENTURES LLC IS THE MANAGING MEMBER."
1908521,436305,"2717 PARTNERS SPV GP LLC"
1908521,428450,"2717 PARTNERS FUNDS GP LLC"
1908521,436981,"2717 PARTNERS SPV GP LLC"
1922253,248556,"PL CREDIT OPPORTUNITIES MASTER FUND GP LIMITED"
1922253,248556,"JULIAN FLETCHER"
1922253,248556,"DAVID DEROSA"
1922253,248556,"TAMMY JENNISSEN"
1922647,422369,"SATVINDER RANU"
1922647,422369,"DES QUIGLEY"
1922647,422369,"DES FULHAM"
1922647,422369,"CARNE GLOBAL FUND MANAGERS (IRELAND) LIMITED"
1922647,5354,"CARSTEN LONFELDT"
1922647,5354,"ADRIAN O'CARROLL"
1922647,5354,"DECLAN QUILLIGAN"
1922647,5354,"PATRICK HARGREAVES"
1922647,184600,"DECLAN QUILLIGAN"
1922647,184600,"ADRIAN O'CARROLL"
1922647,184600,"CARSTEN LONFELDT"
1922647,184600,"PATRICK HARGREAVES"
1922647,213875,"CARSTEN LONFELDT"
1922647,213875,"PATRICK HARGREAVES"
1922647,213875,"DECLAN QUILLIGAN"
1922647,213875,"ADRIAN O'CARROLL"
1922647,5332,"CARSTEN LONFELDT"
1922647,5332,"PATRICK HARGREAVES"
1922647,5332,"ADRIAN O'CARROLL"
1922647,5332,"DECLAN QUILLIGAN"
1920949,428189,"EXCELL TECHNOLOGY VENTURES, INC."
1920949,428188,"EXCELL TECHNOLOGY VENTURES, INC."
1920949,280360,"EXCELL TECHNOLOGY VENTURES, INC."
1920949,280358,"EXCELL TECHNOLOGY VENTURES, INC."
1920949,280348,"EXCELL TECHNOLOGY VENTURES, INC."
1920949,280359,"EXCELL TECHNOLOGY VENTURES, INC."
1922059,120292,"REDWOOD BAY INVESTORS LLC"
