"FilingID","Website"
1999550,"HTTPS://WWW.SAMARACAPITAL.COM"
1995030,"http://www.linkedin.com/company/cibus-capital-llp"
1995030,"https://www.cibusfund.com/"
1996832,"https://crederecapital.co.uk/"
1999646,"https://www.silq-capital.com/"
1996340,"HTTPS://TWITTER.COM/BAILLIEGIFFORD"
1996340,"HTTPS://LINKEDIN.COM/COMPANY/BAILLIE-GIFFORD/"
1996340,"HTTP://WWW.BAILLIEGIFFORD.COM"
1996340,"https://www.youtube.com/user/BaillieGifford"
1996340,"https://www.facebook.com/Baillie-Gifford-Co-152587304764159"
1996340,"https://www.linkedin.com/showcase/baillie-gifford-uk/"
1996340,"https://www.scottishmortgage.com/"
1996340,"https://www.linkedin.com/company/scottish-mortgage-uk/?viewAsMember=true"
1996340,"https://www.youtube.com/channel/UC8i_Ax5b8DD2lpkiYpGY4Kg"
1996340,"https://twitter.com/ScotMortgage_UK/"
1996340,"https://www.youtube.com/channel/UCRMC0Hnl-KRfUdMeEu-Sssw"
1999673,"https://ARCCAPM.com"
1999673,"https://www.linkedin.com/company/arc-capital-management/posts/?feedView=all"
1988527,"https://m.facebook.com/hsbcmutualfundindia/"
1988527,"https://www.youtube.com/@HSBCMutualFundIndia"
1988527,"https://www.instagram.com/the.finance.magazine/"
1988527,"https://www.linkedin.com/company/hsbc-mutualfund"
1988527,"https://twitter.com/HSBCMutualFund"
1988527,"http://www.assetmanagement.hsbc.co.in"
1988527,"https://www.quora.com/profile/HSBC-Mutual-Fund-India"
1999111,"http://www.epiqcapital.com"
1996833,"https://www.unifiinvestment.com"
1997208,"HTTPS://WWW.LINKEDIN.COM/COMPANY/VERDANE"
1997208,"HTTP://WWW.VERDANE.COM"
1989160,"https://www.interalpenpartners.com/"
1995469,"HTTPS://WWW.VBIREALESTATE.COM"
1997272,"http://www.massaveglobal.com"
1997272,"https://www.linkedin.com/company/massave-global-inc/about/"
1997176,"http://synthesis.capital"
1997176,"https://www.linkedin.com/company/synthesiscapital"
1990404,"HTTP://WWW.LIGHTBOX.MU/"
1995951,"https://jstcapital.com/"
1997388,"https://FIRSTMARKCAPITAL.PIXIESET.COM/"
1997388,"https://www.linkedin.com/company/data-driven-nyc"
1997388,"https://www.linkedin.com/company/hardwired-nyc"
1997388,"HTTPS://WWW.YOUTUBE.COM/CHANNEL/UC_Y6_F7AYEIG4JINZB6ZACG"
1997388,"https://www.meetup.com/Design-Driven-NYC"
1997388,"https://www.meetup.com/datadrivennyc"
1997388,"HTTPS://WWW.YOUTUBE.COM/CHANNEL/UCK-Z-7TZJPQ6V0QGSZHK1-A"
1997388,"https://www.meetup.com/hardwired-nyc"
1997388,"https://www.meetup.com/code-driven-nyc"
1997388,"https://guilds.cc"
1997388,"HTTP://WWW.FIRSTMARKCAP.COM"
1997388,"HTTPS://WWW.FLICKR.COM/PHOTOS/FIRSTMARK/"
1997388,"HTTPS://WWW.FACEBOOK.COM/FIRSTMARKCAP/"
1997388,"HTTPS://WWW.INSTAGRAM.COM/FIRSTMARKCAP/"
1997388,"HTTPS://WWW.PINTEREST.COM/FIRSTMARKCAP/"
1997388,"HTTPS://WWW.LINKEDIN.COM/COMPANY/FIRSTMARK-CAPITAL/"
1997388,"HTTPS://WWW.TWITTER.COM/FIRSTMARKCAP"
1997388,"HTTPS://WWW.MEDIUM.COM/FIRSTMARK"
1997388,"https://www.youtube.com/channel/UC24HZkCoLRJvZA7mK191PAA/about"
1997388,"HTTPS://WWW.ANGEL.CO/FIRSTMARK"
1997388,"HTTPS://WWW.YOUTUBE.COM/CHANNEL/UCROLLB8MNLX-P_XG-Z-UXQQ"
1997388,"https://www.firstmark.com"
1997388,"https://www.linkedin.com/company/guilds-by-firstmark/"
1997388,"https://www.youtube.com/@guilds843"
1997388,"HTTPS://WWW.YOUTUBE.COM/CHANNEL/UCH9NT2_47MRTGZUTU750NFA"
1997388,"HTTPS://WWW.YOUTUBE.COM/CHANNEL/UCQID78IY6EOOJR5RUDD47MQ"
1997388,"https://www.eventbrite.com/o/firstmark-capital-2215570183"
1993469,"https://www.linkedin.com/company/cryder-capital-partners-llp"
1993469,"HTTP://WWW.CRYDERCAPITAL.COM/"
1983709,"HTTP://WWW.UMJ-JP.COM"
1989776,"https://www.ardinall.com/"
1989776,"https://www.linkedin.com/company/ardinall-investment-management/"
1989776,"https://www.bloomberg.com/profile/company/1648200D:US"
1995103,"http://www.linkedin.com/company/level-ventures"
1995103,"http://www.levelvc.com"
1993563,"HTTP://WWW.EPIRIS.CO.UK"
1993563,"HTTPS://WWW.LINKEDIN.COM/COMPANY/EPIRIS/"
1997493,"HTTP://WWW.ANAVIOCAP.COM"
1994071,"https://www.sevenstars.vc/"
1994071,"https://www.linkedin.com/company/seven-stars-vc"
1994071,"https://x.com/SevenStars_VC"
1994071,"https://instagram.com/sevenstarsvc"
1994071,"https://www.sevenstarscap.com"
1999049,"https://www.blackfordcapital.com"
1999049,"https://www.linkedin.com/company/blackfordcapital"
1999049,"https://www.youtube.com/channel/UCTA4sBFUUviObWlHfkiYGaw"
1999049,"https://www.twitter.com/blackfordPE"
1998777,"https://medium.com/toyota-ventures"
1998777,"https://x.com/toyota_ventures"
1998777,"https://www.linkedin.com/company/toyota-ventures/"
1998777,"https://www.youtube.com/channel/UCE8sZ0pr9nuA0STZtVIgMBw"
1998777,"https://toyota.ventures/"
1987737,"http://www.renowncapital.com"
1987737,"https://uk.linkedin.com/company/renown-capital-partners"
1999021,"HTTPS://WWW.THELEMEPARTNERS.COM"
1996642,"HTTPS://PIVOTALBIOVP.COM"
1996642,"https://www.pivotallifesciences.com"
1996642,"https://www.linkedin.com/company/pivotal-bio-venture/?originalSubdomain=hk"
1996365,"https://www.linkedin.com/company/atomico"
1996365,"https://www.atomico.com"
1996365,"https://x.com/atomico"
1996365,"https://www.facebook.com/atomicovc/"
1996365,"https://www.instagram.com/atomicoventures/"
1996365,"https://www.youtube.com/@atomico"
1998604,"https://www.horizoncapital.co.uk"
1998604,"https://www.linkedin.com/company/horizon-capital-llp/"
1999152,"HTTP://WWW.RESOLUTIONPROPERTY.COM"
1999152,"HTTPS://X.COM/RESOLUTIONPRPTY"
1999152,"https://www.linkedin.com/company/resolution-property"
1999152,"https://www.instagram.com/resolutionproperty_/"
1996204,"https://www.invascent.com/"
1997777,"http://www.sdclgroup.com"
1994992,"https://www.canaccordgenuity.com  @CGWM UK(X) Canaccord Genuity Wealth Management (UK, Channel Islands and Isle of Man) LinkedIn"
1987299,"HTTP://WWW.JIPINC.COM"
1997777,"https://www.linkedin.com/company/sustainable-development-capital-llp/mycompany/"
1997777,"https://www.linkedin.com/company/sdcl-energy-efficiency-income-trust-seeit/"
1997777,"https://www.seeitplc.com/"
1997777,"https://jonathanmaxwell.substack.com/"
1999780,"https://www.renwavekore.com/"
1999780,"https://www.linkedin.com/company/renwave-kore/"
1992723,"https://freshstream.com"
1992723,"https://www.linkedin.com/company/freshstream"
1988972,"HTTP://WWW.MADISON-INDIA.COM/"
1993922,"HTTPS://WWW.ENACAPITAL.COM/"
1993940,"http://www.ivycapventures.com/"
1993940,"https://www.linkedin.com/company/ivycap-ventures-private-limited/"
1993940,"https://x.com/IvyCapVentures?s=08"
1998048,"HTTP://WWW.RONITCAPITAL.COM"
1998251,"http://synova.pe"
1996848,"https://www.pertento.com/"
1993121,"https://carta.com"
1998115,"http://www.alpha-grep.com"
1998115,"https://x.com/alpha_grep"
1998115,"https://www.linkedin.com/company/alpha-grep/posts/?feedView=all"
1999192,"https://www.linkedin.com/company/highgear-ventures"
1999192,"https://www.highgearventures.com/"
1989748,"https://saddlerockcap.com/"
1997700,"HTTP://WWW.VITRUVIANPARTNERS.COM"
1997700,"HTTPS://WWW.LINKEDIN.COM/COMPANY/VITRUVIAN-PARTNERS-LLP/"
1998852,"https://www.linkedin.com/company/third-space-capital/"
1998852,"https://thirdspace.capital/"
1999107,"http://harradencircle.com"
1999107,"https://www.linkedin.com/company/harraden-circle-investments-llc/"
1995552,"https://albionriver.com/"
1995552,"https://www.linkedin.com/company/albion-&-heath-llc"
1999036,"https://seedcamp.com"
1999036,"https://www.linkedin.com/company/seedcamp_2/"
1999036,"https://twitter.com/seedcamp"
2000078,"HTTPS://WWW.LINKEDIN.COM/COMPANY/HIGHMORE-GROUP/"
2000078,"HTTP://WWW.HIGHMORE.COM"
1987941,"HTTPS://IN.LINKEDIN.COM/COMPANY/GAJACAPITAL"
1987941,"HTTPS://INSTAGRAM.COM/GAJA_CAPITAL"
1987941,"HTTPS://WWW.FACEBOOK.COM/GAJA-CAPITAL-PARTNERS-PRIVATE-EQUITY-229353803883682/"
1987941,"HTTPS://WWW.GAJACAPITAL.COM"
1987941,"HTTPS://TWITTER.COM@GAJACAPITAL"
1987940,"https://www.gajacapital.com"
1989898,"https://www.giant.vc"
1998086,"https://www.pcap.info"
1997588,"HTTP://BRIDGESFUNDMANAGEMENT.COM"
1997588,"HTTP://BRIDGESFUNDMANAGEMENT.COM/US"
1997588,"HTTP://TWITTER.COM/BRIDGESFUNDMGMT"
1997588,"HTTP://WWW.LINKEDIN.COM/COMPANY/BRIDGESFUNDMANAGEMENT"
1997588,"HTTPS://WWW.YOUTUBE.COM/CHANNEL/UCB3C5X5M4OR2DAT_UAX-E6A"
1997588,"HTTPS://VIMEO.COM/USER63446241"
1997588,"HTTPS://WWW.BETTEROUTCOMESBETTERVALUE.ORG"
1977622,"https://www.brydon.com/"
1977622,"https://www.linkedin.com/company/the-brydon-group/"
1963424,"https://lumenscapital.com/"
1998632,"http://www.fipl.co.uk/"
1996881,"HTTP://WWW.ASCENTCAPITAL.IN"
1995774,"https://maestriapartners.com/"
1999798,"https://capriole.com/"
1999716,"HTTP://WWW.LINKEDIN.COM/COMPANY/AMBERCAPITAL"
1999716,"HTTP://WWW.AMBERCAPITAL.COM"
1995684,"https://www.narrow-water.com/"
1996530,"HTTP://TENZING.PE"
1996132,"https://twitter.com/NorthRockLP?s=20"
1996210,"https://www.linkedin.com/company/lemvega-capital"
1996210,"https://www.lemvegacapital.com"
1993452,"https://www.linkedin.com/showcase/macquarie-asset-management/"
1995009,"HTTP://WWW.SELWOODAM.COM"
1995009,"https://www.linkedin.com/company/selwood-asset-management/"
1998931,"HTTP://WWW.AUGUSTEQUITY.COM"
1998931,"https://www.linkedin.com/company/augustequity/"
1999541,"https://www.langhamhall.com"
1999541,"https://www.linkedin.com/company/langham-hall-uk-llp"
1994143,"HTTP://LODBROKCAPITAL.COM"
1994143,"https://www.linkedin.com/company/lodbrok-capital/"
1999566,"HTTPS://WWW.GROWTHCAPITAL.CO.UK"
1999566,"https://www.linkedin.com/company/growth-capital-partners"
1999566,"https://twitter.com/gcpgrowth"
1995092,"https://bdipartners.com/"
1995092,"https://www.linkedin.com/company/11350069/admin/feed/posts/"
1995092,"http://fmiinvestment.com"
1998123,"HTTP://WWW.TRITON-PARTNERS.COM"
1998123,"HTTPS://VIMEO.COM/TRITONPARTNERS"
1998123,"HTTPS://WWW.LINKEDIN.COM/COMPANY/TRITON-PARTNERS"
1997181,"https://www.foresight.group/about-us/our-managers/foresight-group-luxembourg"
2000447,"https://www.linkedin.com/company/nickel-digital-asset-management/about/"
2000447,"https://nickel.digital"
2000148,"HTTP://WWW.INNISFREE.CO.UK"
2000383,"http://www.ruffer.co.uk"
1996903,"HTTPS://KEDAARA.COM"
1996551,"https://www.plexussolutions.services"
1996551,"https://www.linkedin.com/company/plexussolutions"
1996551,"https://www.aigacapital.com"
1996551,"https://www.linkedin.com/company/aiga-capital-partners/"
1997197,"http://www.indiarf.com/"
2000161,"HTTP://WWW.VALUEQUESTCAPITAL.COM"
1997332,"https://www.frontlinehcp.com/"
1997332,"https://www.linkedin.com/company/frontline-healthcare-partners"
1988682,"https://superstate.co/"
1988682,"https://www.linkedin.com/company/superstate"
1988682,"https://twitter.com/superstatefunds"
1996350,"https://www.linkedin.com/company/crosslayer-capital/about/"
1996350,"https://www.crosslayercap.com/"
1989923,"https://www.linkedin.com/company/seraphim-space/"
1989923,"https://seraphim.vc"
1989923,"https://twitter.com/GenSpaceUS"
1989923,"https://www.instagram.com/seraphim_space/"
1989923,"https://www.facebook.com/SeraphimSpace"
1989923,"https://www.tiktok.com/@seraphim.vc"
1989923,"https://www.linkedin.com/company/generation-space/"
1989923,"https://twitter.com/seraphim_space"
1989923,"https://generation.space"
1989923,"https://investors.seraphim.vc/"
1987936,"https://www.linkedin.com/company/bu-bregal-unternehmerkapital/"
1994389,"https://www.linkedin.com/company/biomark-capital"
1994389,"http://www.biomarkcapital.com/"
1992888,"https://hqcapital.com/de"
1992888,"https://www.linkedin.com/company/hq-capital/"
1994102,"http://www.finventurestudio.com/"
1994102,"https://twitter.com/restivevc"
1994102,"https://restive.com"
1994102,"https://bsky.app/profile/restivevc.bsky.social"
1995784,"https://nashvillecapital.com/"
1995784,"https://twitter.com/NashCapNetwork"
1995784,"https://www.linkedin.com/company/nashville-capital-network"
1995835,"HTTP://WWW.ERANYC.COM"
1996208,"HTTP://WWW.CRCICAPITAL.COM/"
1985053,"https://alignpartnerscap.com"
1983567,"HTTP://NAVIGATINGENERGY.COM/"
1983567,"HTTPS://WWW.LINKEDIN.COM/COMPANY/AZIMUTH-CAPITAL-MANAGEMENT/"
1981468,"https://www.aeonea.com/"
1993014,"HTTP://WWW.EPSILONVENTUREPARTNERS.COM"
1993931,"https://uk.linkedin.com/company/whitecroft-capital-management"
1993931,"https://whitecroftcapital.com/"
1989072,"HTTP://WWW.NILECAPITALGROUP.COM"
1989072,"https://www.linkedin.com/company/nile-capital-group/"
1997275,"https://www.finsightvc.com/"
1997275,"https://www.linkedin.com/company/finsight-ventures"
1992935,"https://www.altiocap.com/"
1992935,"https://twitter.com/altiocap"
1992565,"https://www.linkedin.com/company/titanite-investment-management/"
1992565,"https://www.titanitecapital.com/"
1996935,"https://www.amicuscapital.in/"
1996935,"https://in.linkedin.com/company/amicus-india-capital-partners"
1986529,"http://alinorcapital.com"
1986529,"https://www.linkedin.com/company/alinor-capital"
1982178,"HTTPS://WWW.FROGMORE.CO.UK"
1995339,"https://www.tiktok.com/@fifthwallvc"
1995339,"https://www.youtube.com/fifthwall"
1995339,"https://soundcloud.com/fifthwallpodcast"
1995339,"https://www.facebook.com/fifthwallvc"
1995339,"HTTPS://WWW.LINKEDIN.COM/COMPANY/FIFTH-WALL-VENTURES"
1995339,"HTTP://WWW.FIFTHWALL.COM"
1995339,"HTTPS://TWITTER.COM/FIFTHWALLVC"
1995339,"HTTPS://MEDIUM.COM/FIFTH-WALL-INSIGHTS"
1995339,"HTTPS://WWW.INSTAGRAM.COM/FIFTHWALLVC/"
1995357,"HTTP://WWW.TRUENORTHVP.COM"
1983601,"HTTP://WWW.ERANYC.COM"
1995319,"http://www.charleslimcapital.com"
1994646,"http://www.lavavc.io"
1955715,"https://granitehousecapital.com/"
1975388,"https://impilo.se/"
1995247,"HTTP://WWW.SATURNPARTNERSVC.COM"
1995645,"HTTP://WWW.CHARLESLIMCAPITAL.COM"
1997449,"https://www.lineinvestcorp.com/"
1996609,"https://x.com/AMP_AU"
1996609,"https://www.amp.com.au/investments"
1996609,"https://www.facebook.com/AMPaustralia/"
1996609,"https://www.linkedin.com/company/amp"
1989006,"HTTP://WWW.TRUEWEALTHVC.COM"
1989006,"https://www.linkedin.com/company/truewealthventures/"
1989006,"https://x.com/truewealthvc"
1989006,"https://www.facebook.com/TrueWealthVC/"
1999274,"https://www.linkedin.com/company/oxford-asset-management-llp/about/"
1999274,"HTTP://WWW.OXAM.COM/"
1995015,"HTTPS://WWW.TOKIOMARINEAM.COM/"
1995015,"HTTPS://WWW.TOKIOMARINEAM.CO.JP/"
1991766,"HTTP://WWW.ROUNDSHIELD.COM"
1995798,"https://www.demeterinvestment.com/"
1995798,"https://eio-group.com/"
1995798,"https://www.linkedin.com/company/13599045/admin/dashboard/"
1995798,"https://www.entioffice.com"
1982843,"https://ch.linkedin.com/company/bu-bregal-unternehmerkapital"
1992228,"https://jstcapital.com/"
1987161,"http://www.enamamc.com"
1988697,"HTTP://WWW.GENCAPPARTNERS.COM/"
1987353,"https://www.pcm-funding.com/"
1987353,"https://www.linkedin.com/company/prescientcapital/"
1987353,"https://www.facebook.com/prescientcapital/"
1987031,"http://www.linkedin.com/company/apis-partners/"
1987031,"http://apis.pe/"
1996514,"HTTP://WWW.OXAM.COM/"
1996514,"https://www.linkedin.com/company/oxford-asset-management-llp/about/"
1999050,"https://www.linkedin.com/company/overlinevc/"
1999050,"https://overline.vc/"
1999050,"https://twitter.com/OverlineVC"
1998945,"HTTP://WWW.REVCAP.CO.UK"
1996567,"https://toc-23.com/home#home"
1997639,"http://www.nvm.co.uk/"
1997639,"https://www.youtube.com/user/nvmprivateequity"
1997639,"https://x.com/NVMPE"
1997639,"https://www.linkedin.com/company/nvm-private-equity/"
1999832,"HTTPS://WWW.JMFL.COM"
1999832,"https://www.facebook.com/jmfinancial/"
1999832,"https://www.linkedin.com/company/jm-financial-ltd/posts/?feedView=all&viewAsMember=true"
1999508,"https://www.frankinvestments.co.uk/"
1993918,"https://www.linkedin.com/showcase/macquarie-asset-management/"
1999557,"HTTPS://WWW.CXPARTNERS.IN/"
1993057,"HTTPS://WWW.CAXTON.COM"
1993057,"https://www.linkedin.com/company/caxton-associates"
1989563,"HTTP://WWW.INFLEXION.COM"
1989563,"https://www.linkedin.com/company/inflexion-private-equity/"
1979368,"https://www.syncracy.io/"
1999349,"HTTP://WWW.MOLTENVENTURES.COM"
1987113,"http://www.nhggp.com"
1987113,"https://www.x.com/nhggpmi"
1998418,"HTTPS://WWW.ACUTACAPITAL.COM"
1998418,"https://www.linkedin.com/company/acuta-capital-partners-llc"
1998093,"HTTP://WWW.FLORINCOURT.COM"
1998093,"http://www.linkedin.com/company/florin-court-captial-llp"
1991684,"https://www.tresidor.com/"
1991684,"https://www.linkedin.com/company/tresidor/"
1988777,"https://www.kitelake.com"
1988777,"https://www.linkedin.com/company/19832940"
1994447,"https://www.ninetyone.com"
1998896,"https://www.linkedin.com/company/crown-predator-holdings/"
1998896,"https://crownpredator.com/"
1998895,"HTTP://WWW.CHORUSCAPITAL.EU"
1998949,"HTTP://WWW.SQNINVESTORS.COM"
1998949,"https://www.linkedin.com/company/sqn-investors/about/"
1983084,"https://ch.linkedin.com/company/bu-bregal-unternehmerkapital"
1995859,"http://www.cbreim.com"
1993588,"HTTPS://NIO.PARTNERS/"
1993588,"https://www.linkedin.com/company/nordic-investment-opportunities"
1991744,"HTTPS://WWW.LINKEDIN.COM/COMPANY/MONTANA-CAPITAL-PARTNERS"
1991744,"HTTP://WWW.XING.COM/COMPANIES/MONTANACAPITALPARTNERS"
1991744,"HTTP://WWW.MONTANA-CAPITAL-PARTNERS.EU"
1999366,"https://consortiumbrandpartners.com/"
1999366,"https://www.linkedin.com/company/consortium-brand-partners/about/"
1999030,"https://www.lit-fund.com/"
1999030,"https://www.linkedin.com/company/the-litigation-fund"
1995894,"https://sentinelglobal.xyz/"
1991678,"https://www.linkedin.com/company/align-ventures/about/"
1991678,"https://www.align.vc"
1997402,"HTTP://WWW.FORESIGHTGROUP.EU/"
1997402,"https://uk.linkedin.com/company/foresight-group"
1998253,"HTTPS://WWW.LINKEDIN.COM/COMPANY/HAYMANCAPITAL/"
1998253,"HTTP://WWW.HAYMANCAPITAL.COM"
1992433,"https://www.greeninvestmentgroup.com/en.html"
1992433,"https://www.macquarie.com/en.html"
1992433,"https://www.linkedin.com/showcase/macquarie-investment-management/"
1992433,"https://www.linkedin.com/company/macquariegroup/"
1992433,"https://www.facebook.com/MacquarieGroup/"
1992433,"https://www.instagram.com/macquariegroup/?hl=en"
1992433,"https://www.youtube.com/user/macquarie"
1992433,"https://www.macquarie.com/us/en/about/company/macquarie-asset-management/general-public.html"
1992433,"https://www.delawarefunds.com/"
1992433,"https://www.linkedin.com/showcase/macquarie-asset-management"
1992433,"https://www.linkedin.com/company/central-park-group-llc"
1992433,"https://www.linkedin.com/company/waddell-&-reed"
1992433,"https://www.linkedin.com/company/gardior"
1992433,"https://www.linkedin.com/showcase/delaware-funds%C2%AE-by-macquarie"
1992433,"https://www.linkedin.com/company/ivy-investments"
2000453,"https://www.facebook.com/3one4capital/"
2000453,"https://www.3one4capital.com/"
2000453,"https://x.com/3one4capital"
2000453,"https://medium.com/3one4capital"
2000453,"https://open.spotify.com/show/6jerTZS6e5pYW0dsDc4QYR?si=C15Ew2n8Rp671bmIpEAOxA&nd=1&dlsi=295dc40a626b46ed"
1995029,"https://www.3pim.in"
1993924,"HTTP://WWW.BREVANHOWARD.COM"
1996851,"HTTP://WWW.DPI-LLP.COM"
1996851,"HTTPS://WWW.LINKEDIN.COM/COMPANY/919737/"
1996851,"https://www.youtube.com/channel/UCaIOWiDCAswN5_pMglRUXaQ"
1998691,"https://ondo.finance/"
1998691,"https://twitter.com/OndoFinance"
1998691,"https://www.linkedin.com/company/ondo-finance"
1998691,"https://www.threads.net/@ondofinance"
1998691,"https://www.instagram.com/ondofinance/"
1998691,"https://www.youtube.com/@ondofinance"
2000039,"https://yellowstonecp.com/"
2000039,"https://www.linkedin.com/company/yellowstone-capital-partners/"
1999547,"https://uk.linkedin.com/company/axebrook"
1999547,"https://www.axebrook.com"
1997836,"https://true.global"
1997836,"https://www.linkedin.com/company/truegloballive"
1997836,"https://www.instagram.com/truegloballive/?hl=en"
1997836,"https://x.com/truegloballive?lang=en"
1997644,"https://stellarisvp.com"
1997254,"https://linkedin.com/company/jjj-capital-management-llp"
1997254,"https://jjjcapital.com/"
1999584,"https://uk.linkedin.com/company/balance-legal-capital"
1999584,"https://www.balancelegalcapital.com/"
1999925,"http://www.sona-am.com"
1999925,"https://www.linkedin.com/company/sona-asset-management/"
2000582,"HTTP://WWW.GAVEAINVEST.COM.BR"
1987638,"https://republic.com/digital"
1987638,"https://x.com/republic_dam"
2000619,"https://www.linkedin.com/company/larus-gestora-de-recursos-ltda"
2000619,"https://www.larus.com.br/"
2000531,"https://gvisioncap.com/"
2000216,"https://www.linkedin.com/company/blkbrd/"
2000216,"https://www.blkbrdlp.com/"
1997238,"https://www.linkedin.com/company/a91partners/ (21) A91 Partners (@A91Partners) / X"
2000704,"HTTPS://WWW.LINKEDIN.COM/COMPANY/STAR-CAPITAL.COM/"
2000704,"HTTPS://STAR-CAPITAL.COM"
1993936,"https://www.linkedin.com/company/daiwa-international-capital-partners"
1993936,"https://www.daiwa-icp.com/en"
1997917,"https://www.360.one/asset-management/aif/"
1995366,"HTTP://WWW.CAPULAGLOBAL.COM/"
1998013,"HTTP://KALAARI.COM"
1998306,"HTTPS://WWW.LINKEDIN.COM/COMPANY/16949"
1998306,"HTTPS://WWW.LGT.COM/DE/"
1998306,"HTTPS://WWW.LGT.CH/DE/"
1998306,"HTTPS://WWW.LGT.LI/DE/"
1998306,"HTTPS://WWW.LGT.AT/DE/"
1998306,"HTTPS://WWW.LGTCP.COM/EN/"
1998306,"https://www.facebook.com/profile.php?id=100088211054882"
1998315,"http://www.centerlineim.com/"
1993710,"https://www.linkedin.com/company/abakkusinvest/"
1993710,"https://x.com/Abakkusinvest"
1993710,"https://www.facebook.com/abakkusinvest/"
1993710,"https://www.abakkusinvest.com/"
1993710,"https://www.instagram.com/Abakkusinvest"
1993710,"https://www.youtube.com/@abakkusinvest"
1997660,"https://www.huntersmooncapital.com/"
1997660,"https://www.linkedin.com/company/hunters-moon-capital/"
1995057,"https://www.signalharmonic.com"
1997778,"https://sterlingstrategicvalue.com/"
1997778,"https://www.linkedin.com/company/ssvl-monaco-s-a-m-/about/"
1966964,"http://www.pursuitfunds.com"
1996244,"HTTPS://WWW.CQS.COM"
1996244,"HTTPS://www.cqscapital.com"
1996244,"https://ncim.co.uk"
1996244,"HTTPS://www.linkedin.com"
2000326,"https://www.catchlightcap.com/"
2000326,"https://www.linkedin.com/company/catchlightcap/"
1993110,"https://www.kulturacap.com"
1993110,"https://www.linkedin.com/company/kultura-capital/"
1982082,"https://www.facebook.com/DSPMutualFund"
1982082,"http://www.dspim.com"
1982082,"https://www.twitter.com/dspmf"
1982082,"https://www.instagram.com/dspmutualfund/"
1982082,"http://www.youtube.com/c/DSPMutualFund-InvestForGood"
1982082,"http://in.linkedin.com/company/dspmf"
1998826,"http://www.hughes-co.com/"
1998826,"https://www.linkedin.com/company/hughes-and-company/"
1995123,"HTTP://WWW.LMRPARTNERS.COM"
1995123,"HTTPS://WWW.LINKEDIN.COM/COMPANY/LMR-PARTNERS"
1997480,"https://www.everflowpartners.com"
1997480,"https://www.everflowpartners.com"
1996535,"https://twitter.com/imbpartners"
1996535,"https://www.facebook.com/imbpartners"
1996535,"https://www.imbpartners.com"
1996535,"https://www.linkedin.com/company/2449074"
1997749,"https://convergentfinance.com/"
1997749,"https://in.linkedin.com/company/convergent-finance-llp"
2000533,"HTTP://ASPER-IM.COM/"
2000533,"HTTPS://WWW.LINKEDIN.COM/COMPANY/ASPER-IM"
2000199,"https://incredwealth.sg/"
1995543,"HTTP://BCCMADVISORS.COM"
1999805,"https://www.linkedin.com/company/ip-capital-partners-llc/about/"
1999805,"https://www.instagram.com/ipcappartners/"
1999805,"http://ipcappartners.com/"
1999266,"https://greenlandim.com/"
1999266,"https://www.linkedin.com/company/greenland-investment-management/"
1999549,"HTTPS://WWW.AGILITASPE.COM"
1998733,"https://www.linkedin.com/company/northsands/"
1998733,"https://www.northsands.com/"
1987641,"https://www.trident.co/"
1987641,"https://www.linkedin.com/company/tridentco/"
1987641,"https://twitter.com/investtrident"
1987641,"https://medium.com/@investtrident"
2000261,"https://www.bluewaterpe.com/"
2000261,"https://www.youtube.com/channel/UCU_dijtvGvgqXrGOUBYlbAw"
2000261,"https://www.linkedin.com/company/blue-water-energy-llp/"
2000261,"https://business.facebook.com/BlueWaterEnergyLondon/"
1995328,"https://uk.linkedin.com/company/advaya-llp"
2000828,"HTTP://WWW.ASCENTVP.COM/"
2000828,"https://www.linkedin.com/company/ascent-venture-partners/"
2000828,"https://twitter.com/ascentvp"
1998295,"HTTP://WWW.GIMLLP.COM"
1998295,"https://www.linkedin.com/company/gimllp/posts/?feedView=all"
1998894,"HTTP://WWW.QUESTVP.COM"
1999364,"https://checkpointlp.com/"
1992652,"https://highriverllc.com/"
1992652,"https://www.linkedin.com/company/high-river-resources/about/"
1995255,"https://twitter.com/icgplc"
1995255,"https://www.icgam.com/"
1995255,"https://vimeo.com/intermediatecapitalgroup"
1995255,"https://www.linkedin.com/company/icg-plc/"
1995255,"https://www.instagram.com/icgplc/"
2000288,"https://www.renwavekore.com/"
2000288,"https://www.linkedin.com/company/renwave-kore/"
1995930,"https://www.linkedin.com/company/amfileon/?viewAsMember=true"
1995930,"https://www.amfileon.com"
1987315,"https://ch.linkedin.com/company/bu-bregal-unternehmerkapital"
1990400,"https://www.marwyn.com/"
1996107,"https://www.cedarcap.com/"
1994850,"HTTP://WWW.LOMBARDINVESTMENTS.COM"
1996203,"https://www.linkedin.com/company/regal-funds-management"
1996203,"http://www.regalfm.com"
1996203,"https://twitter.com/regalfunds"
1996203,"https://www.facebook.com/Regal-Funds-Management-510703852343972/"
1998007,"http://www.viewforthpartners.com"
1996825,"http://www.bfam-partners.com"
1995660,"HTTP://WWW.SEP.CO.UK"
2000146,"HTTPS://WWW.JMFL.COM"
1996898,"http://www.kedaara.com"
1997812,"HTTP://CRAKEAM.COM/"
1997812,"HTTPS://WWW.LINKEDIN.COM/COMPANY/CRAKE-ASSET-MANAGEMENT-LLP/"
1990609,"https://nashvillecapital.com/"
1990609,"https://twitter.com/NashCapNetwork"
1990609,"https://www.linkedin.com/company/nashville-capital-network"
1983605,"https://www.clerisy.com/"
1983605,"https://www.linkedin.com/company/clerisycapital"
1987921,"https://www.linkedin.com/company/enko-capital/"
1987921,"https://enkocapital.com/"
1997689,"https://www.infrabridge.com/"
1997689,"https://www.linkedin.com/company/infrabridgegroup"
1985865,"HTTP://WWW.CAPARTNERSFUNDS.COM"
1997754,"HTTP://www.cdibcapital.com"
1998279,"https://arnott.com.au/"
1997494,"https://www.linkedin.com/company/eastside-partners/about/"
1997494,"HTTP://WWW.EASTSIDEPARTNERS.COM"
1997035,"https://bolourassociates.com"
1996027,"HTTPS://SARACAP.COM"
1996281,"https://leargascap.com/"
1995754,"https://hxco.com/"
1995754,"https://x.com/haloxco"
1996464,"https://twitter.com/firstmovecap"
1996464,"https://www.linkedin.com/company/fm-capital"
1996464,"http://www.fmcap.com/"
1998620,"HTTPS://CINNAIRE.COM/DEVELOP-MICHIGAN/"
1993928,"https://www.linkedin.com/company/carne-group/"
1993928,"https://twitter.com/carneglobal"
1993928,"https://www.instagram.com/carne_group/"
1993928,"HTTP://WWW.CARNEGROUP.COM"
1998658,"HTTP://WWW.JETSTREAMCAPITAL.COM"
1982406,"https://www.arbacredit.com/"
1982406,"https://www.linkedin.com/company/arba-credit-investors"
1988545,"HTTPS://TWITTER.COM/CLEARBELLCAP?LANG=EN"
1988545,"HTTP://WWW.CLEARBELL.COM"
1988545,"HTTPS://WWW.LINKEDIN.COM/COMPANY/CLEARBELL-CAPITAL-LLP/"
1995845,"https://aureliusfund.vc/"
1996237,"HTTP://WWW.HARVESTFUND.COM"
1998281,"https://ARCCAPM.com"
1998281,"https://www.linkedin.com/company/arc-capital-management/posts/?feedView=all"
1998811,"https://www.ishares.com"
1998811,"https://www.youtube.com/channel/UC61MWzrpcsazp23LOxCsTcg"
1998811,"https://www.youtube.com/channel/UCrIXkHfv2tMzebAI1TcdDhg"
1998811,"https://twitter.com/AladdinbyBLK"
1998811,"https://twitter.com/BlackRock_news"
1998811,"https://twitter.com/blackrockca"
1998811,"https://twitter.com/BlackRock_UK"
1998811,"https://twitter.com/BlackRockMX"
1998811,"https://twitter.com/blackrockde"
1998811,"https://twitter.com/BlackRock_FRA"
1998811,"https://twitter.com/blackrockIT"
1998811,"https://twitter.com/BlackRock_CH"
1998811,"https://twitter.com/BlackRock_NL"
1998811,"https://x.com/Preqin"
1998811,"https://www.linkedin.com/showcase/aladdinbyblackrock/"
1998811,"https://www.linkedin.com/company/global-infrastructure-partners/"
1998811,"https://www.linkedin.com/company/preqin"
1998811,"https://www.youtube.com/channel/UCvWUY4epJsC1o1D2O4SXWwQ"
1998811,"https://www.youtube.com/channel/UCSz_wkAKhmQ7U1CUOQtiKqg"
1998811,"https://www.youtube.com/channel/UC4mxyB0DHnJlqlDUq0aGtDw"
1998811,"https://www.youtube.com/channel/UCjGkwng5K7dSA16WptAoZ-Q"
1998811,"https://www.youtube.com/channel/UCF8N4Du81PaHvNmBujUmLRg"
1998811,"https://www.youtube.com/channel/UCQmE0sq8yW9zE_b3vX7U8SQ"
1998811,"https://www.youtube.com/channel/UCKCeujsUEEo1GVZUDam_uKg"
1998811,"https://www.youtube.com/channel/UCi2lh7VwEjHnpXcFbS9uD-w"
1998811,"https://www.youtube.com/channel/UCgxUKi4QaGhgSnyxGFMiZ9A"
1998811,"https://www.youtube.com/channel/UCLDKGk37iCkA8Eo2U2BfIxA"
1998811,"https://www.youtube.com/channel/UCc0iUSxNciRfUle19DCqxFg"
1998811,"https://www.youtube.com/channel/UCa12TdzLQ8K1iTcG69xDlWw"
1998811,"https://www.youtube.com/@BlackRock_Espa%C3%B1a"
1998811,"https://www.instagram.com/ishares_official/"
1998811,"https://www.instagram.com/ishares_de/"
1998811,"https://www.instagram.com/blackrock_brasil"
1998811,"https://mbank.95559.com.cn:8888/mobs6/fortune_subscription/FO0/NFO0001.html?fortuneId=IMID908aef2438eb4c45a0994745a3ff1b11&chann"
1998811,"https://m.zhangle.com/views/advice-homepage/advisor-homepage.html?id=20000000230&tab=home"
1998811,"https://www.linkedin.com/company/decarbonization-partners"
1998811,"https://line.naver.jp/ti/p/@blackrocktw"
1998811,"https://www.blackrock.com"
1998811,"https://twitter.com/blackrock"
1998811,"https://mp.weixin.qq.com/mp/profile_ext?action=home&__biz=MzIzMTc3MTQ2Mw==&scene=124#wechat_redirect"
1998811,"https://www.tiktok.com/@blackrock?lang=en"
1998811,"https://twitter.com/ishares"
1998811,"https://www.linkedin.com/company/blackrock"
1998811,"https://www.linkedin.com/company/ishares"
1998811,"https://www.facebook.com/iShares/"
1998811,"https://www.facebook.com/BlackRock"
1998811,"https://www.douyin.com/user/MS4wLjABAAAATX0BkoY3SXPImjHUWTdWi02SNLwyACHjdmAnkjp298lIw88FuDLmYo-nln-UitiK"
1998811,"https://www.instagram.com/blackrock"
1998873,"HTTP://WWW.GSRVENTURES.COM"
1987614,"HTTP://NORTHEDGE.COM/"
1999013,"HTTP://WWW.PIPER.CO.UK/"
1997534,"https://www.crosstree.com/"
1997534,"https://uk.linkedin.com/company/crosstree-real-estate-partners-llp"
1999015,"https://castleforge.com/"
1999015,"https://www.linkedin.com/company/castleforge/"
1994594,"https://camrosecapital.com/"
1997073,"https://www.linkedin.com/company/omnivore-partners/"
1997073,"https://twitter.com/OmnivoreFund"
1997073,"https://www.omnivore.vc"
1997540,"https://www.arcusip.com"
1997540,"https://www.linkedin.com/company/arcus-infrastructure-partners-llp"
1997540,"https://twitter.com/ArcusInfra"
1997255,"HTTP://WWW.PALMERSTONLLP.COM"
1998813,"https://www.youtube.com/channel/UCrIXkHfv2tMzebAI1TcdDhg"
1998813,"https://twitter.com/AladdinbyBLK"
1998813,"https://twitter.com/BlackRock_news"
1998813,"https://www.youtube.com/channel/UC61MWzrpcsazp23LOxCsTcg"
1998813,"https://www.tiktok.com/@blackrock?lang=en"
1998813,"https://www.facebook.com/BlackRock"
1998813,"https://www.douyin.com/user/MS4wLjABAAAATX0BkoY3SXPImjHUWTdWi02SNLwyACHjdmAnkjp298lIw88FuDLmYo-nln-UitiK"
1998813,"https://twitter.com/ishares"
1998813,"https://www.linkedin.com/company/blackrock"
1998813,"https://twitter.com/blackrock"
1998813,"https://www.facebook.com/iShares/"
1998813,"https://www.instagram.com/blackrock"
1998813,"https://www.ishares.com"
1998813,"https://mp.weixin.qq.com/mp/profile_ext?action=home&__biz=MzIzMTc3MTQ2Mw==&scene=124#wechat_redirect"
1998813,"https://www.linkedin.com/company/ishares"
1998813,"https://line.naver.jp/ti/p/@blackrocktw"
1998813,"https://www.blackrock.com"
1998813,"https://twitter.com/blackrockca"
1998813,"https://twitter.com/BlackRock_UK"
1998813,"https://twitter.com/BlackRockMX"
1998813,"https://twitter.com/blackrockde"
1998813,"https://twitter.com/BlackRock_FRA"
1998813,"https://twitter.com/blackrockIT"
1998813,"https://twitter.com/BlackRock_CH"
1998813,"https://twitter.com/BlackRock_NL"
1998813,"https://x.com/Preqin"
1998813,"https://www.linkedin.com/showcase/aladdinbyblackrock/"
1998813,"https://www.linkedin.com/company/global-infrastructure-partners/"
1998813,"https://www.linkedin.com/company/preqin"
1998813,"https://www.youtube.com/channel/UCvWUY4epJsC1o1D2O4SXWwQ"
1998813,"https://www.youtube.com/channel/UCSz_wkAKhmQ7U1CUOQtiKqg"
1998813,"https://www.youtube.com/channel/UC4mxyB0DHnJlqlDUq0aGtDw"
1998813,"https://www.youtube.com/channel/UCjGkwng5K7dSA16WptAoZ-Q"
1998813,"https://www.youtube.com/channel/UCF8N4Du81PaHvNmBujUmLRg"
1998813,"https://www.youtube.com/channel/UCQmE0sq8yW9zE_b3vX7U8SQ"
1998813,"https://www.youtube.com/channel/UCKCeujsUEEo1GVZUDam_uKg"
1998813,"https://www.youtube.com/channel/UCi2lh7VwEjHnpXcFbS9uD-w"
1998813,"https://www.youtube.com/channel/UCgxUKi4QaGhgSnyxGFMiZ9A"
1998813,"https://www.youtube.com/@BlackRock_Espa%C3%B1a"
1998813,"https://www.youtube.com/channel/UCLDKGk37iCkA8Eo2U2BfIxA"
1998813,"https://www.youtube.com/channel/UCc0iUSxNciRfUle19DCqxFg"
1998813,"https://www.youtube.com/channel/UCa12TdzLQ8K1iTcG69xDlWw"
1998813,"https://www.instagram.com/ishares_official/"
1998813,"https://www.instagram.com/ishares_de/"
1998813,"https://www.instagram.com/blackrock_brasil"
1998813,"https://mbank.95559.com.cn:8888/mobs6/fortune_subscription/FO0/NFO0001.html?fortuneId=IMID908aef2438eb4c45a0994745a3ff1b11&chann"
1998813,"https://m.zhangle.com/views/advice-homepage/advisor-homepage.html?id=20000000230&tab=home"
1998813,"https://www.linkedin.com/company/decarbonization-partners"
1998813,"https://www.linkedin.com/company/cachematrix"
1998813,"https://www.youtube.com/@BlackRockJapan"
1998813,"https://line.me/R/ti/p/@177osgll#~"
1998717,"HTTP://WWW.FLORINCOURT.COM"
1998717,"http://www.linkedin.com/company/florin-court-captial-llp"
1997387,"http://www.foresightgroup.eu/"
1997387,"https://uk.linkedin.com/company/foresight-group"
1995630,"https://www.hdfcinternational.com/"
1987270,"https://cusanacapital.com/"
1996737,"https://www.signalharmonic.com/"
1993812,"HTTP://WWW.EDENCAP.COM"
1998685,"HTTP://WWW.IQEQ.COM"
1995648,"HTTP://WWW.GSQUARECAPITAL.COM"
1995648,"https://www.linkedin.com/company/g-square"
1989858,"https://pathfinderco.com/"
1989858,"https://www.linkedin.com/company/pathfinder-companies-llc/about/"
1998678,"https://www.vision-blue.com"
1999052,"https://www.linkedin.com/company/overlinevc/"
1999052,"https://overline.vc/"
1999052,"https://twitter.com/OverlineVC"
1999038,"https://aavishkaarcapital.in/"
1997053,"https://www.greatwave.vc/"
1997053,"https://www.linkedin.com/company/great-wave/"
1992603,"https://www.emmettpartners.com/"
1997169,"https://www.soho-sq.com/"
1997169,"https://www.linkedin.com/company/soho-square-capital"
1995705,"https://www.linkedin.com/company/alfreton-capital-llp/about/"
1995705,"https://www.alfretoncapital.com/"
1996643,"https://tribunelp.com/"
1996643,"https://www.linkedin.com/company/tribune-investment-group-lp"
1998014,"https://www.youtube.com/channel/UCLyiq2guhV3_3alg7ifUkBg"
1998014,"http://www.whiteoakindia.com"
1998014,"https://twitter.com/WhiteOakCap"
1998014,"https://www.linkedin.com/company/white-oak-capital-management/"
2000434,"https://www.linkedin.com/company/multiples-alternate-asset-management-pvt-ltd/mycompany/"
2000434,"http://www.multiplesequity.com"
1996319,"HTTP://WWW.BREVANHOWARD.COM"
1996024,"HTTP://WWW.BREVANHOWARD.COM"
1999773,"HTTPS://WWW.LINKEDIN.COM/COMPANY/HAYMANCAPITAL/"
1999773,"HTTP://WWW.HAYMANCAPITAL.COM"
1993553,"HTTP://WWW.HAYFIN.COM"
1996558,"http://www.graham-allen.com"
1996558,"https://www.linkedin.com/company/graham-allen-partners/"
1994213,"http://www.kittyhawk.vc"
1994213,"https://www.linkedin.com/company/kittyhawk-ventures/"
1994213,"https://www.youtube.com/channel/UCtNlzPB6BrocBWPfaSY9SWw"
1994213,"https://subscribe.kittyhawk.vc/subscribe/kittyhawk"
1999158,"http://1060capitalmanagement.com/"
1995316,"HTTP://WWW.BOOST.VC"
1998624,"https://www.avilacapllc.com/"
1998624,"https://www.linkedin.com/company/avila-real-estate-capital/"
2000157,"HTTP://WWW.AMADEUSCAPITAL.COM"
1997996,"HTTPS://WWW.TCIFUND.COM"
1998619,"HTTP://WWW.PROMERITUMGROUP.COM"
1998619,"https://www.linkedin.com/company/promeritum-investment-management-llp/"
1999217,"HTTP://WWW.MANSFORD.COM"
1999217,"HTTPS://WWW.LINKEDIN.COM/COMPANY/MANSFORD-HOLDINGS-PLC-MANSFORD-REAL-ESTATE-LLP/"
1995737,"HTTP://WWW.KINGSWAYCAP.COM"
1997734,"https://www.linkedin.com/company/stepstone-private-wealth/"
1997734,"https://www.stepstonepw.com/"
1997734,"https://www.instagram.com/stepstonevc/"
1997734,"HTTPS://WWW.STEPSTONEGLOBAL.COM/"
1997734,"HTTPS://WWW.STEPSTONEGROUP.COM"
1997734,"HTTPS://VIMEO.COM/STEPSTONEGROUP"
1997734,"https://www.instagram.com/stepstonegroup/"
1997734,"http://mobile.twitter.com/stepstonevc"
1997734,"HTTPS://WWW.LINKEDIN.COM/COMPANY/STEPSTONE-GROUP/"
1997734,"https://twitter.com/StepStoneVC"
1997734,"https://www.linkedin.com/company/greenspring-associates_909296/"
1997734,"HTTPS://TWITTER.COM/STEPSTONEGROUP"
1997734,"HTTPS://WWW.INSTAGRAM.COM/STEPSTONE_INC/"
1997213,"HTTP://WWW.MVM.COM"
1997811,"https://uk.linkedin.com/company/expeditiongrowthcapital/"
1997811,"https://expedition.capital/"
1992432,"https://www.linkedin.com/company/brixeyandmeyercapital/"
1992432,"http://brixeyandmeyercapital.com/"
1992432,"http://WWW.BMCGROWTH.COM"
1998788,"HTTPS://WWW.YOUTUBE.COM COLLER CAPITAL"
1998788,"HTTPS://WWW.FACEBOOK.COM/COLLER.CAPITAL"
1998788,"HTTPS://WWW.INSTAGRAM.COM/COLLERCAPITAL/"
1998788,"HTTP://WWW.COLLERCAPITAL.COM"
1998788,"HTTPS://TWITTER.COM/COLLER_CAPITAL?LANG=EN"
1998788,"HTTPS://WWW.LINKEDIN.COM COLLER CAPITAL"
1996584,"HTTPS://WWW.LINKEDIN.COM/COMPANY/HEADWAY-CAPITAL-PARTNERS"
1996584,"HTTP://WWW.HEADWAYCAP.COM"
1975062,"https://www.stonetreeinvest.com/"
1975062,"https://www.linkedin.com/company/stonetreeinvest"
1996294,"https://uptickhedgemgmt.com"
1996470,"HTTPS://TWITTER.COM/FIRSTMOVECAP"
1996470,"https://www.linkedin.com/company/fm-capital"
1996470,"HTTP://WWW.FMCAP.COM/"
1996478,"HTTPS://WWW.LINKEDIN.COM/COMPANY/TITLETOWNTECH/"
1996478,"HTTPS://TITLETOWNTECH.COM"
1996478,"HTTPS://TWITTER.COM/TITLETOWNTECHGB"
1998652,"https://uk.linkedin.com/company/isomer-capital"
1998652,"https://x.com/isomercapital"
1997536,"HTTP://WWW.GRAPHITECAPITAL.COM"
1997536,"https://www.linkedin.com/company/graphite-capital"
1997530,"HTTP://WWW.GRAPHITECAPITAL.COM"
1997530,"https://www.linkedin.com/company/graphite-capital"
1997512,"HTTP://WWW.GRAPHITECAPITAL.COM"
1997512,"https://www.linkedin.com/company/graphite-capital"
1999060,"HTTP://WWW.SPINDLETOPCAPITAL.COM"
1999060,"HTTP://WWW.SPINDLETOPCAP.COM"
1999990,"https://www.ecasset.com/"
1999990,"https://www.linkedin.com/company/east-coast-asset-management-sezc"
1977416,"http://www.unitypartnerslp.com/"
1977416,"https://www.linkedin.com/company/unity-partners-lp/"
2000617,"https://www.biospring.com"
2000617,"https://www.linkedin.com/company/biospringpartners/"
1997521,"https://www.instagram.com/kaszekventures/"
1997521,"https://www.kaszek.com/"
1997521,"https://uy.linkedin.com/company/kaszek-ventures"
2000301,"https://www.o15.com/"
2000301,"https://www.linkedin.com/company/o15-capital-partners/"
1999697,"HTTPS://WWW.DRIhealthcare.COM"
1999697,"https://www.linkedin.com/company/dri-healthcare/"
2000625,"https://www.linkedin.com/company/newport-capitalgrp/"
2000625,"https://www.newport-capital-grp.com/"
1999994,"https://www.linkedin.com/company/bayhawk-capital/"
1999994,"http://www.Bayhawkcapital.com"
1999649,"https://pontepartners.com/"
1999649,"https://www.linkedin.com/company/ponte-partners/about/"
1995576,"https://www.cogenuity.com"
1995576,"https://www.linkedin.com/company/cogenuity-partners/"
1993934,"HTTP://WWW.ELAN-CAP.COM"
1993934,"https://www.linkedin.com/company/elan-capital-management/"
1996835,"HTTP://WWW.PEMBERTONAM.COM"
1996835,"https://www.linkedin.com/company/pemberton-asset-management"
1999348,"https://www.eoventures.com/"
1999348,"https://www.linkedin.com/company/eo-ventures/about/"
1978161,"https://www.sunstoneam.com/"
1995211,"https://x.com/APAX_PARTNERS"
1995211,"HTTP://WWW.APAX.COM"
1995211,"HTTP://WWW.APAXGLOBALALPHA.COM"
1995211,"https://x.com/APAXDIGITAL"
1995211,"HTTP://WWW.APAX.US.COM"
1995211,"HTTP://WWW.LINKEDIN.COM/COMPANY/APAXGLOBALALPHA"
1995211,"HTTP://WWW.LINKEDIN.COM/COMPANY/APAX-PARTNERS"
1995211,"HTTP://WWW.LINKEDIN.COM/COMPANY/APAXDIGITAL"
1995211,"https://podcasts.apple.com/gb/podcast/apax-podcast/id1617122230"
1995211,"https://soundcloud.com/user-979893825"
1965270,"https://blume.vc"
1965270,"https://www.linkedin.com/company/blume-venture-advisors/"
1965270,"https://x.com/blumeventures?s=11&t=UT2VlqV7vCYMYX_Z4FPLbA"
1996965,"HTTP://WWW.PINEBRIDGE.COM"
1996813,"http://www.fifty.vc"
1996813,"https://twitter.com/fiftyyearsvc"
1997465,"https://www.cdibcapital.com"
1997467,"HTTP://WWW.VERTEXHOLDINGS.COM"
1996513,"HTTP://WWW.PROFOUNDERSCAPITAL.COM"
1999201,"HTTP://CORETRUSTCAPITALPARTNERS.COM"
1999201,"https://www.instagram.com/coretrust_capital_partners/"
1999201,"https://www.linkedin.com/company/coretrust-capital-partners-llc"
1989398,"https://www.linkedin.com/company/north-south-ventures"
1989398,"https://www.northsouthvc.com/"
1993060,"https://www.linkedin.com/showcase/macquarie-asset-management/"
1994373,"https://www.linkedin.com/showcase/macquarie-asset-management/"
1997455,"https://destinationcap.com/"
1986937,"https://www.tcap.co.jp/english/index.html"
1995888,"https://linkedin.com/company/wovenearth-ventures"
1995888,"http://www.wovenearth.ventures"
1999785,"https://www.linkedin.com/company/castalian-partners"
1999785,"HTTPS://WWW.CASTALIAN.COM"
1994372,"https://www.y2cap.com"
1993339,"https://uluventures.com/"
1993339,"https://www.linkedin.com/company/ulu-ventures/"
1995208,"https://equityalliance.fund/"
1995208,"https://www.linkedin.com/company/the-equity-alliance-ny"
2000149,"https://www.pertento.com/"
1999544,"HTTP://WWW.PENTACAPITAL.COM"
2000163,"HTTP://WWW.ANTERRACAPITAL.COM/"
1995661,"https://nlc.co.uk/"
1995661,"https://uk.linkedin.com/company/no-limit-capital"
2000237,"https://www.linkedin.com/company/equitybee"
2000237,"https://twitter.com/equitybee"
2000237,"https://www.instagram.com/equitybee"
2000237,"https://equitybee.com/"
2000237,"https://www.youtube.com/@equitybee5539/"
2000237,"https://www.facebook.com/EquityBeeCom/"
1999537,"https://www.linkedin.com/company/gladwyne-investments/about/"
1999537,"https://www.gladwyneinvestments.com/"
1999537,"https://www.horizonholding.com/"
1999455,"https://www.linkedin.com/company/aria-growth/"
1999455,"https://www.ariagrowth.com/"
1995672,"https://www.tephradigital.io/"
1995672,"https://www.linkedin.com/company/tephra-digital"
1987484,"HTTPS://WWW.TRILLIMPACT.COM"
1987484,"HTTPS://WWW.LINKEDIN.COM/COMPANY/TRILL-IMPACT/"
1974493,"https://www.bloccelerate.vc/"
1974493,"https://www.linkedin.com/company/bloccelerate/about/"
1974493,"https://twitter.com/bloccelerate"
1992858,"https://www.inspireglobalventures.com"
1995333,"HTTPS://WWW.LINKEDIN.COM/COMPANY/FIFTH-WALL-VENTURES"
1995333,"https://soundcloud.com/fifthwallpodcast"
1995333,"https://www.facebook.com/fifthwallvc"
1995333,"https://www.tiktok.com/@fifthwallvc"
1995333,"https://www.youtube.com/fifthwall"
1995333,"HTTP://WWW.FIFTHWALL.COM"
1995333,"HTTPS://MEDIUM.COM/FIFTH-WALL-INSIGHTS"
1995333,"HTTPS://TWITTER.COM/FIFTHWALLVC"
1995333,"HTTPS://WWW.INSTAGRAM.COM/FIFTHWALLVC/"
1994715,"HTTP://WWW.CRCFUNDS.COM"
1996522,"HTTPS://WWW.BREVANHOWARD.COM"
1995365,"https://www.linkedin.com/company/olive-rock-partners/"
1995365,"https://www.oliverockpartners.com/"
1992129,"HTTP://WWW.BLUEDRIVEGLOBAL.COM"
1992129,"https://www.linkedin.com/company/bluedrive-global-investors-llp"
1988026,"https://www.ancala.com/"
1988026,"https://www.linkedin.com/company/ancala-partners"
1996578,"https://eckuity.com/"
1999420,"https://www.sovereignbayadvisors.com"
1988339,"https://www.youtube.com/channel/UCwymq3GI4aDnz9sWo1jjmYw"
1988339,"https://www.blockchaincoinvestors.com/"
1988339,"https://www.facebook.com/focusedoninnovation/"
1988339,"https://www.fifthera.com/"
1988339,"https://www.linkedin.com/company/fifth-era/"
1988439,"https://linkedin.com/alta -semper-capital-llp/"
1988439,"https://www.altasemper.com/"
2000379,"http://www.ruffer.co.uk"
2000203,"https://WWW.LINKEDIN.COM/company/stone-arch-capital"
2000203,"https://WWW.STONEARCHCAPITAL.COM"
1998522,"https://www.linkedin.com/company/room40cap"
1998522,"https://www.room40.xyz/"
1998522,"https://x.com/room40xyz"
1998508,"https://www.room40.capital/"
1998508,"https://www.room40.xyz/"
1998508,"https://x.com/room40xyz"
1998508,"https://www.linkedin.com/company/room40cap"
1988646,"https://www.linkedin.com/company/venture-highway-llp/"
1988646,"https://x.com/venturehighway?s=21"
1990045,"https://www.at.inc/"
1990045,"https://www.linkedin.com/company/at-inc-vc"
1990045,"https://x.com/atinc_vc"
1990045,"https://www.instagram.com/atincvc/"
1997764,"https://www.finexlondon.com"
1995380,"HTTP://WWW.LEAPFROGINVEST.COM"
1995380,"HTTPS://TWITTER.COM/LEAPFROGINVEST"
1995380,"https://www.linkedin.com/company/leapfroginvestments"
1995380,"HTTPS://WWW.FACEBOOK.COM/LEAPFROG-INVESTMENTS-208705865817720/"
1995380,"https://impact.leapfroginvest.com/"
1996692,"HTTP://WWW.MIRABELLA.CO.UK"
1995646,"http://TWITTER.COM/DWS_GROUP"
1995646,"http://www.dws.lu"
1995646,"https://LinkedIn.com/company/DWSGroup"
1995646,"http://www.db.com"
1935230,"https://imbiba.com/"
1935230,"https://uk.linkedin.com/company/imbiba-growth-llp"
1989525,"HTTP://WWW.CLAIRVEST.COM"
1993492,"https://www.mavenequitypartners.com"
1993492,"https://X.com/MavenEquity"
1993492,"https://www.linkedin.com/company/maven-equity-partners-llc/about/"
1999225,"https://mitsui-global.com/"
1999225,"https://www.linkedin.com/company/mitsui-co-global-investment-inc/about/"
1998756,"http://www.forewordcap.com"
1994542,"https://in.linkedin.com/company/filter-capital"
1994542,"https://www.filtercapital.com"
1999472,"https://factorialfunds.com/"
1999472,"https://www.linkedin.com/company/factorial-funds/"
2000281,"Https://Www.HLVVentures.com"
2000281,"https://www.linkedin.com/company/hlv-ventures"
2000281,"https://www.instagram.com/hlvventures/"
2000281,"https://www.facebook.com/HLVVentures"
2000281,"https://x.com/HLVVentures"
1993583,"https://www.linkedin.com/company/bramalea-partners/"
1993583,"https://www.bramaleapartners.com"
1995281,"https://asymmetric.financial"
1995281,"https://www.linkedin.com/company/asymmetric-financial/"
1995281,"https://x.com/goasymmetric"
1995470,"http://www.junctioncapitalpartners.com"
1983612,"HTTP://WWW.DIFFERENTIAL.VC"
1995829,"HTTPS://WWW.SNOWPEAKCAPITAL.COM"
1995829,"HTTPS://LINKEDIN.COM/COMPANY/SNOW-PEAK-CAPITAL"
2000823,"http://www.wedbushventures.com"
2000803,"https://www.qpequity.com/"
2000803,"https://uk.linkedin.com/company/queen-s-park-equity-llp"
1989841,"HTTPS://WWW.LINKEDIN.COM/COMPANY/HGCAPITAL"
1989841,"HTTPS://TWITTER.COM/HGCAPITAL"
1989841,"HTTP://WWW.HGCAPITAL.COM"
1981966,"https://www.blueopalcapital.com/"
1981966,"https://www.linkedin.com/company/blueopalcapital/"
1995323,"https://www.linkedin.com/company/southern-ridges-capital"
1995323,"https://www.southernridgescapital.com"
1995321,"https://www.southernridgescapital.com"
1995321,"https://www.linkedin.com/company/southern-ridges-capital"
1995006,"https://www.henriotgroup.com"
1994095,"HTTPS://WWW.FRONTAURACAPITAL.COM"
1995267,"https://www.linkedin.com/company/icg-plc/"
1995267,"https://twitter.com/icgplc"
1995267,"https://vimeo.com/intermediatecapitalgroup"
1995267,"https://www.icgam.com/"
1995267,"https://www.instagram.com/icgplc/"
1998612,"HTTPS://WWW.LINKEDIN.COM/COMPANY/KAE-CAPITAL/"
1998612,"HTTP://TWITTER.COM/KAE_CAPITAL"
1998612,"HTTP://WWW.KAE-CAPITAL.COM"
1996571,"https://www.feenixpartners.com"
1996571,"https://www.linkedin.com/company/feenix-venture-partners-llc/"
1995259,"https://twitter.com/icgplc"
1995259,"https://www.icgam.com/"
1995259,"https://vimeo.com/intermediatecapitalgroup"
1995259,"https://www.linkedin.com/company/icg-plc/"
1995259,"https://www.instagram.com/icgplc/"
1996373,"HTTP://WWW.BROADVAIL.COM"
1992431,"https://www.vittoriapartners.com"
1996481,"http://kpgfunds.com"
1996481,"https://www.linkedin.com/company/k-property-group"
1997223,"https://www.linkedin.com/company/allostery-investments-lp/about/"
1993937,"https://www.elan-cap.com/"
1993937,"https://www.linkedin.com/company/elan-capital-management/?originalSubdomain=uk"
1995459,"https://www.scifounders.com/"
1995459,"https://x.com/SciFounders"
1995459,"https://www.linkedin.com/company/scifounders/"
1988542,"HTTP://WWW.NAVISCAPITAL.COM"
1990409,"https://www.triplepoint.co.uk/"
1996591,"http://www.hoplonpartners.com/"
1996591,"https://www.linkedin.com/company/hoplon-investment-partners/about/"
1997013,"https://www.linkedin.com/company/mosaicventures"
1997013,"https://twitter.com/mosaic_vc"
1997013,"https://medium.com/@Mosaic_VC"
1997013,"HTTP://WWW.MOSAICVENTURES.COM"
1998029,"https://www.bfam-partners.com/en/"
1998286,"HTTP://PUISSANCECAPITAL.COM"
1993100,"HTTP://WWW.PRUSIKIM.CO.UK"
1994118,"https://www.sciensam.com/"
1994118,"https://twitter.com/scienswater"
1994118,"https://www.instagram.com/scienswater"
1994118,"https://m.youtube.com/@scienswater"
1994118,"https://www.linkedin.com/company/sciens-capital-management"
1994118,"https://www.scienswater.com"
1994118,"https://www.linkedin.com/company/scienswater"
1990218,"https://x.com/carabela_vc"
1990218,"https://www.linkedin.com/company/carabelavc/"
1990218,"https://www.carabela.vc/"
1997279,"https://www.linkedin.com/company/272-capital-lp/about/"
1996565,"HTTPS://WWW.MONTAGU.COM"
1996565,"https://www.linkedin.com/company/montagupe"
1999828,"HTTP://NORTHEDGE.COM/"
1996486,"https://svoco.com/"
1996486,"https://www.linkedin.com/company/svoboda-capital-partners-llc/"
1979190,"https://goldhouse.org/"
1979190,"https://www.linkedin.com/company/goldhouseco/"
1997982,"https://www.newformcap.com/"
1997982,"https://www.linkedin.com/company/new-form-capital/"
1997662,"HTTP://WWW.WESTERN-COMPANIES.COM"
1988307,"HTTP://WWW.ALCUINCAPITAL.COM"
1988761,"https://hk.linkedin.com/company/y-intercept"
1988761,"http://y-intercept.org/"
1997516,"HTTP://WWW.TRAFALGARCAPITAL.COM"
1996424,"HTTP://WWW.ECHOHEALTHVENTURES.COM/"
1996424,"HTTPS://X.COM/HEALTHECHO"
1996424,"HTTPS://WWW.LINKEDIN.COM/COMPANY/ECHO-HEALTH-VENTURES/"
1998430,"https://camrosecapital.com/"
1997570,"HTTP://WWW.ARCISGROUP.COM"
1996920,"https://hornikcapital.com/"
1996989,"HTTP://SOUNDLINKPARTNERS.COM/"
1996989,"HTTPS://WWW.LINKEDIN.COM/COMPANY/SOUNDLINK-PARTNERS-LLC/"
1990348,"https://alignmentgrowth.com/"
1990348,"https://www.linkedin.com/company/alignment-growth"
1990348,"https://medium.com/@AlignmentGrowth"
1999552,"https://www.variispartners.co.uk/"
1999552,"https://www.linkedin.com/company/variis-partners-llp/"
1993573,"https://www.3i.com"
1993573,"https://www.linkedin.com/company/3i-group-plc/mycompany"
1993573,"https://x.com/3iplc"
1993573,"https://www.youtube.com/channel/UCm1R_eY7SwvYOrIq9NHPO1Q"
1996855,"https://www.linkedin.com/company/verified-fund"
1996855,"HTTPS://VERIFIED.FUND/"
1996855,"https://x.com/VERIFCAP"
1995558,"https://www.pace-healthcare.com"
1995558,"https://www.linkedin.com/company/pace-healthcare-capital"
1984706,"HTTP://WWW.ICONINFRASTRUCTURE.COM"
1984706,"https://www.linkedin.com/company/icon-infrastructure-llp/"
1992538,"https://www.coolabahcapital.com"
1990210,"HTTPS://WWW.MAYFAIREQUITY.COM"
1990210,"https://www.linkedin.com/company/mayfair-equity-partners-llp"
1995054,"https://lu.linkedin.com/company/newspace-capital"
1995054,"https://www.newspace.capital/"
1995054,"https://twitter.com/newspacecapital"
1981298,"http://bv.vc"
1981298,"https://x.com/bvvc_1776"
1981298,"https://www.linkedin.com/company/bvvc/"
1993404,"https://www.linkedin.com/company/metaprop/"
1993404,"https://x.com/metapropnyc"
1993404,"https://www.instagram.com/metapropnyc"
1993404,"https://www.metaprop.vc"
1993404,"https://www.proptech101.com"
1993404,"https://www.youtube.com/@MetaPropNYC"
1993404,"https://www.proptechplace.nyc/"
1993404,"https://x.com/nycretechweek"
1993404,"http://www.realestatetechweek.nyc/"
1993404,"https://www.metaprop.com/"
1993404,"https://www.metaprop.org"
1993404,"https://rmgsummit.com/"
1995012,"https://www.linkedin.com/company/acertreeim"
1995012,"https://www.acerim.com/"
1995296,"HTTP://WWW.ISELECTFUND.COM"
1996463,"https://ivyassetgroup.com/"
1996463,"https://www.linkedin.com/company/ivyassetgroup"
1999008,"https://www.linkedin.com/company/delancey/"
1999008,"https://www.delancey.com"
1999007,"HTTP://WWW.DELANCEY.COM"
1999007,"HTTPS://WWW.DV4INVESTORS.COM"
1999007,"https://www.linkedin.com/company/delancey/"
1992420,"HTTP://TATACAPITAL.COM"
1998407,"https://notion.vc/"
1998407,"https://uk.linkedin.com/company/notion-capital"
1998407,"https://www.linkedin.com/company/notion-capital/"
1998407,"https://twitter.com/NotionCapital"
1999755,"https://quishco.ch/"
1999755,"https://www.linkedin.com/company/quish-co-ag/"
1998038,"https://www.avendus.com/india/regulatory-information?slug=avendus-pe-investment-advisors-private-limited"
1982874,"https://www.linkedin.com/company/saothair-capital-partners/about/"
1982874,"https://www.saothair.com/"
1991720,"https://x.com/twentyminutevc?lang=en"
1991720,"https://www.linkedin.com/company/20vc"
1991720,"https://www.thetwentyminutevc.com/"
1991720,"https://www.youtube.com/@20VC"
1996207,"https://www.linkedin.com/company/national-investment-and-infrastructure-fund-niif/"
1996207,"https://niifindia.in/"
1998621,"https://www.linkedin.com/company/eight-roads/"
1985361,"http://www.cow-corner.com"
1985361,"http://www.linkedin.com/company/cow-corner-investing"
1998621,"https://www.eightroads.com"
1995167,"HTTP://WWW.HEDOSOPHIA.COM"
1984711,"HTTP://WWW.VARECS.COM/EN/HOME/"
1992289,"https://www.linkedin.com/company/camberpartners/"
1992289,"http://www.camber.io"
1977404,"https://www.linkedin.com/company/yieldpoint/"
1977404,"https://www.yieldpointlp.com/"
1997668,"https://stellarisvp.com"
1997302,"https://genesiscapital.com.au/"
1998428,"https://www.kaporcapital.com"
1998428,"https://www.twitter.com/KaporCapital"
1998428,"https://www.instagram.com/kaporcapital/?hl=en"
1998428,"https://www.linkedin.com/company/kapor-capital/"
1998428,"https://www.facebook.com/KaporCapital"
1998345,"https://www.sonyinnovationfund.com/"
1999630,"http://www.mvm.com"
1990288,"https://www.linkedin.com/company/broadwing-capital/about/"
1990288,"https://broadwingcap.com/"
1996774,"http://www.lvcpartners.com"
1996774,"https://www.linkedin.com/company/longuevue-capital-llc/"
1996774,"http://www.longuevuecapital.com"
1999156,"HTTPS://WWW.LINKEDIN.COM/COMPANY/NUMEN-INVESTMENTS-LTD-"
1999156,"HTTP://WWW.NUMENCAPITAL.COM"
1998272,"https://www.avendus.com/"
1998481,"http://www.jetstreamcrypto.com"
1992360,"http://www.sevensixcapital.com"
1990408,"https://www.NINETYONE.COM"
1998356,"HTTP://WWW.BOUSSARD-GAVAUDAN.COM/"
1993570,"HTTP://WWW.SA-ALPHA.COM/"
1986010,"https://www.linkedin.com/company/11284960/admin/feed/posts/"
1986010,"https://www.kbit.com/"
2000058,"https://www.ventioneers.com"
2000058,"https://www.linkedin.com/company/ventioneers"
2000558,"https://www.capvest.com/"
1997597,"https://www.linkedin.com/company/castlebar-capital-llp/about/"
1997597,"https://www.castlebar-capital.com"
1996890,"https://www.linkedin.com/company/baumpartners/"
1996890,"https://www.baumpartners.com/"
1997482,"HTTP://WWW.BOWMARK.COM/"
1997482,"https://www.linkedin.com/company/bowmark-capital/"
1998299,"HTTPS://WWW.LINKEDIN.COM/COMPANY/EMKCAPITAL"
1998299,"HTTPS://WWW.EMKCAPITAL.COM"
2000168,"https://www.sagonacapital.com"
1999551,"HTTPS://WWW.LINKEDIN.COM/COMPANY/AKO-CAPITAL"
1999551,"HTTPS://WWW.AKOCAPITAL.COM"
1992422,"HTTP://WWW.RCMA-ASSET.COM"
1997599,"https://www.jnepartners.com"
1997599,"https://www.linkedin.com/company/jne-partners-llp"
1999589,"https://jstarinvestments.com/"
1999589,"https://www.linkedin.com/company/jstar-capital-investments/"
1982378,"http://redefineventures.com"
1997557,"https://www.fwcap.com/"
1997557,"https://www.linkedin.com/company/fitzwaltercapital"
1998024,"https://www.linkedin.com/company/amia-capital/"
1998024,"https://www.amiacapital.com/"
1995327,"https://www.linkedin.com/company/tdr-capital/"
1995327,"HTTP://WWW.TDRCAPITAL.COM/"
1998682,"https://www.linkedin.com/company/blossomcap"
1998682,"https://www.blossomcap.com/"
1995516,"https://www.smartgate.vc"
1995516,"https://www.linkedin.com/company/smartgate.vc/"
1995516,"https://twitter.com/SmartGateVC"
1995516,"https://www.herohouse.io/"
1995516,"https://www.facebook.com/smartgate.vc/"
1999555,"HTTP://WWW.MARYLEBONEPARTNERS.COM"
1999555,"https://www.linkedin.com/company/marylebone-partners-llp"
1979584,"HTTPS://WWW.EXPONENTPE.COM"
1979584,"HTTPS://WWW.LINKEDIN.COM/COMPANY/EXPONENT-PRIVATE-EQUITY/"
1998537,"https://linkedin.com/company/buckhorn-resources"
1998537,"HTTP://WWW.BUCKHORNRESOURCES.COM"
1995363,"https://superbloompartners.com/"
1995363,"https://www.linkedin.com/company/superbloom-partners1/"
